"V_base","x","y","lon","lat"
300,4074222.40382261,3975750.63339335,5.73422459945667,58.8162256005367
300,4089354.70670103,3939131.63630804,6.03209155106,58.49538187185
300,4480474.77222507,4717824.58428931,13.4262600685775,65.5345849472525
300,4072418.00874077,3983254.40581689,5.6949026758275,58.882598927765
132,4095875.09502371,4274028.71820983,5.78413773369,61.50669769891
132,4103176.8818349,4269604.09978675,5.925653548064,61.470789462982
132,4098424.88969279,4312562.85367042,5.7858566675,61.85442305736
132,4100416.35555242,4313722.23629724,5.82208508909,61.86591245462
132,4120180.24253896,4328238.30781065,6.17974278386,62.00653136505
132,4116853.40373281,4320252.25676431,6.12549716321,61.93307757162
132,4088178.75967644,4278485.40460761,5.63488200256,61.54253747849
132,4065761.10010874,4294411.94597302,5.19418091082,61.6725149139
132,4072316.01358655,4304984.25306273,5.303110726755,61.77146398604
132,4133608.22441825,4279668.95513966,6.48385956477667,61.5760140768033
132,4107733.70474436,4266614.34294759,6.01406258302,61.4462570826567
420,4243624.70566073,4399348.92000597,8.49583745932167,62.6889221262717
132,4225996.92432166,4411394.40239398,8.14667748671667,62.7936631217567
420,4406932.91765948,4437392.93122719,11.68955762896,63.03000099299
420,4425185.80624867,4454139.67891607,12.058626041915,63.176530570165
300,4128633.94794229,3999177.92385874,6.6532868015,59.05275475193
300,4129350.0228955,4000039.31860462,6.6649905221375,59.0607954598975
300,4071873.94234515,3988155.58102075,5.68011185589,58.926292452265
420,4233652.63359606,4164680.37429307,8.4115249729775,60.5738786822413
300,4062954.11655687,4084667.0256776,5.41249293124,59.78752360008
300,4065414.05886411,4080123.17004744,5.46154093982,59.74815895736
300,4167931.413117,4244792.30665182,7.15515735487,61.27621361064
300,4165321.40023967,4245835.87265819,7.105858480918,61.284647338996
380,4051875.08706026,4149794.23463632,5.1323492086875,60.3654522429906
132,4128033.7198685,4274037.93478026,6.38520578791,61.52283932619
132,4131678.04236253,4276594.92038609,6.450792722135,61.5474987397825
275,4082819.33715045,4146338.90483989,5.69458316572,60.35244607538
420,4091192.89494096,4150863.06969774,5.840519985099,60.39758068667
380,4062769.50642753,4140365.0185141,5.340657503281,60.287397737981
275,4079867.43756627,4146805.19960846,5.64080958557,60.3550102197
275,4091054.76272748,4171430.92960068,5.81476492918846,60.5822640098554
275,4086458.65998847,4169523.67482098,5.73352449915333,60.5626639329733
275,4085034.60494643,4169465.22579885,5.70775132806,60.5613646533733
275,4075131.78088892,4156089.56706852,5.54426792198,60.43573586826
275,4074844.10286386,4154319.79233652,5.54120158636,60.41968062559
275,4070011.90128447,4151847.72485508,5.45694388088875,60.3947213322287
275,4107811.41263243,4178742.04438923,6.111380375025,60.656548304345
275,4095998.50928052,4169683.99660675,5.90648810411,60.56917084251
300,4092854.35762262,4165639.82452438,5.85397252187,60.53119421929
300,4094171.28810538,4156823.16955342,5.88768787768,60.45268347917
300,4093921.18420773,4152947.34236874,5.8874758515,60.41773607234
300,4071290.45591314,4096744.11451579,5.54611745049,59.90071280011
300,4078129.52840066,4096971.01038272,5.66753510391,59.90655761852
300,4081870.49121963,4093418.80312987,5.73811627671,59.87669914951
300,4083323.91339503,4091728.75268311,5.76585127043667,59.8623057701667
300,4053890.62119549,4032872.53339299,5.31562329334333,59.3173693191633
300,4055410.60713613,4039754.48223147,5.33389031598,59.38002308185
420,4173279.76641801,4420469.99704973,7.111426627575,62.8593879929
132,4308706.42610726,4460164.69541939,9.75657416811,63.24443903558
132,4271306.46418952,4434415.46390189,9.02370476366,63.0093641577
132,4146077.0986896,4369704.60560638,6.63123922403667,62.3914814460033
420,4158631.72536213,4378364.14548995,6.86473070486308,62.4746458008115
420,4244983.88468033,4396528.47325286,8.52348693216,62.6637677270257
132,4258048.06436435,4430600.049102,8.76469203854,62.97309137326
150,5092483.91222225,5290140.74353166,30.0332600031233,69.7223361477933
132,5048568.43235725,5310286.10463462,29.11545797207,70.00850338593
300,4069185.65081893,4095145.3357077,5.51057482421,59.8851670070933
300,4125489.8238352,4046247.30727334,6.55705435357333,59.47427532361
300,4064421.08613077,4027855.8101793,5.50563736426,59.278458876005
300,4129104.09431373,4118213.05788627,6.55584497866,60.1225141736
300,4133289.45576647,4118738.30370681,6.63037734176,60.129043697235
300,4142054.36252826,4084117.5555218,6.81690300065,59.82152772748
300,4145682.76513953,4085107.06443604,6.88054692582,59.83187024705
300,4141116.39507772,4065103.36374263,6.81620898262667,59.6502644782567
300,4150685.06133075,4065571.95602116,6.98498842994,59.65823183405
300,4126074.26605771,4031570.57511258,6.580394208,59.34266964527
300,4130803.56198728,4046828.45842234,6.64998328133,59.48178085396
420,4132060.52118574,4047081.02900167,6.67187150223667,59.48458141412
300,4127280.7085946,4029816.03907341,6.60307136682,59.3274267387267
420,4153806.97105216,4025178.64049606,7.07117315578,59.29636760531
420,4131334.79495238,4052029.04823499,6.65479289429,59.5287343111633
300,4209309.2137625,4040128.05996407,8.03522555535667,59.4479503654
300,4206648.81293667,4043269.46802941,7.98680436091333,59.4755301130667
300,4203869.79388288,4041981.99907335,7.93859692769,59.46323599732
300,4192918.98708565,4076886.7402337,7.72529029173,59.77410905198
300,4199414.45504505,4059764.19898284,7.85027116547,59.621953631895
300,4177122.25473358,4072975.8999986,7.4475984077225,59.7341125936775
300,4118322.41138514,4068212.07805037,6.410491062454,59.66842197397
420,4384344.94112447,4101079.66914728,11.132523795458,60.005724406956
300,4373277.67208218,4092525.32309924,10.93255976105,59.9302041276425
132,4591870.88773807,5068927.70850421,16.598034919955,68.62942095272
132,4587240.56198477,5077989.04974727,16.5090728569667,68.7150906745967
420,4633939.35667611,5067502.58869164,17.6102285632838,68.57736147534
132,4639542.26929019,5055414.32708149,17.70892933081,68.46299619992
420,4689089.99363775,5142501.58623586,19.205810414722,69.190383622596
132,4673994.67762049,5156900.15107758,18.8844370863929,69.3375833629714
132,4249155.63632674,4367477.17651995,8.61639251532,62.40278100757
300,4272484.64404091,4309221.20693434,9.08125629494,61.8814201284075
300,4249690.82517383,4366576.37643334,8.62705919883,62.39475987682
300,4103931.87775765,4204744.22184534,6.012450044655,60.88826322828
300,4134967.52893492,4217879.89342385,6.56918839097,61.020988553885
420,4242412.38454643,4149333.1758345,8.5767193806725,60.4374480997725
420,4263382.01592144,4130006.30959679,8.96185435086,60.266804357004
420,4493600.50699511,4775704.39676139,13.7815238717287,66.0506157341087
220,4532627.47610719,4746268.22226591,14.587727621855,65.763962947525
300,4474220.21585959,4656792.87758315,13.226006395035,64.98681047773
300,4457119.39074844,4624685.66730367,12.8365484501925,64.7039635113175
300,4112834.79438778,3915529.82231997,6.454575205625,58.29459165034
420,4174120.59020909,4171591.36639449,7.324683981435,60.619923472685
420,4221243.44207841,4170768.95453293,8.18293799999,60.6259812714
420,4188044.08086818,4189819.36369851,7.565983255415,60.78841261609
300,4173558.39995308,4262465.82490458,7.24600282089333,61.4372324674033
420,4288442.39505257,4106857.24651745,9.41698059713,60.06106348547
300,4066509.6519217,4076037.10315793,5.485796723515,59.71210897847
300,4472351.47074126,4752610.46603812,13.2905832775067,65.8519866139883
300,4462631.08733082,4669994.22317588,12.99530588935,65.11054159295
420,4494994.57438293,4850846.6498875,13.91368439087,66.728056449555
420,4568780.97310781,4922061.27837776,15.7118578689086,67.3242154050743
132,4241849.32424273,4379343.08377534,8.470405290765,62.508322860085
132,4226175.71130562,4399184.13012587,8.15686580708,62.6836940309
132,4205053.28217034,4381747.97422223,7.75814275676333,62.5210990136767
132,4194896.40983718,4378474.51363824,7.56425840516,62.48857542001
132,4173061.59371842,4380881.28266326,7.14092343491,62.50284396068
300,4406991.02257031,4597997.54270783,11.777193580065,64.478155537865
300,4400644.22773243,4547938.120515,11.62011857948,64.027978868735
420,4167739.09511498,4418772.95481587,7.00473224668,62.8420160693
150,5099228.69334964,5284085.2671668,30.14775976467,69.65253294084
420,4173948.43698055,4198580.13566523,7.30168734686,60.86262072487
300,4160100.96297081,4235227.50206341,7.017770624092,61.187263709402
132,4136120.12330205,4254091.0966182,6.555831860575,61.347104448545
300,4137632.64000436,4222948.8619849,6.61350923653,61.06772284952
300,4217059.17537007,4212890.21146457,8.08473131196,61.00403781272
300,4246797.33692643,4190384.17224852,8.64099529202,60.80767174577
300,4264689.45149059,4178700.14965941,8.9719279229725,60.70522121328
420,4332343.36796142,4118717.84016598,10.20377790079,60.168859925815
420,4329196.66387447,4127565.29685028,10.1475988331667,60.2485558247433
420,4333080.21074258,4085223.0221791,10.2150891289588,59.867420569185
300,4269892.89618159,4167685.98629203,9.06971696477714,60.6067314681186
420,4197462.01815251,3908364.79400725,7.89858035428625,58.2603222465975
350,4212869.71061684,3893341.88235147,8.16739355888667,58.1291081854883
300,4153018.38467242,3984590.01973611,7.087898172735,58.931324577945
300,4147792.37372435,3967362.49992465,7.01053289224333,58.77458026046
132,4628576.73739975,5025391.208927,17.3601012630133,68.2037500700733
132,4629702.2114881,5052235.12602734,17.4636000836367,68.4441853140033
132,5011617.97245622,5322410.99277272,28.28754038346,70.20408717612
132,5008289.43070811,5320381.45972146,28.188245110005,70.194385513935
220,5021983.26499453,5321573.20391786,28.5412680639875,70.1718242397625
220,5004581.75203255,5304481.79323777,27.974388993925,70.064796158985
132,4946932.87818602,5328942.61758604,26.6968508325133,70.40945890502
132,4867133.48223099,5313029.74135564,24.5426255633475,70.4332729098075
132,4835444.82844916,5252064.56156512,23.3729338857625,69.95156863143
132,4751617.76578271,5182022.24616925,20.917487539345,69.461596473385
132,4732492.14581854,5162644.12028363,20.358723879365,69.315067311705
132,4763885.40207167,5202030.53974384,21.3150605391925,69.6223630592175
132,4790349.6662503,5217550.91515884,22.0537695650925,69.7201054179675
132,4894530.04719397,5270309.93758662,24.9735469072533,70.0029458223933
132,4857457.09120412,5230348.80726045,23.80360062963,69.719789311965
132,4171400.7976346,4388780.67584258,7.10212475005,62.5733520154
300,4153344.80082491,3995059.26082241,7.085763608335,59.02552255472
300,4142885.11824637,4006601.27123651,6.894991118365,59.12525953801
300,4136637.79171779,3913069.99618525,6.8613595873,58.2825222997771
300,4130680.79819048,3955166.13734793,6.725708999916,58.658246582064
300,4137171.8292374,3979319.55776392,6.81780742292,58.8778712008575
300,4138311.07502949,3912632.29418643,6.89014940421333,58.27924927458
300,4395647.86999493,4517368.21320126,11.5040815685325,63.75328983073
300,4371421.01749221,4483051.77793774,11.005320533466,63.447753894136
300,4343395.39250649,4476786.10354953,10.4457006882633,63.3938681170767
300,4370449.80234124,4094040.18528483,10.88247442206,59.94416003997
300,4379071.94115392,4102847.68913022,11.03875203483,60.0223588209
132,4674021.28398086,5090439.09016761,18.65216641269,68.740757878492
132,4563854.46562399,5052775.56176584,15.8821475377475,68.5067067307525
132,4546406.61179901,5070958.50819481,15.5004885533533,68.6838651894033
420,4342139.5805079,4469306.12288513,10.41974893855,63.32648904854
132,4662641.19341362,5104970.00091178,18.424464940118,68.884028013356
300,4366475.30359225,4091574.80211997,10.81102200804,59.9224034650067
420,4386989.78975883,4024278.12956387,11.1562618815971,59.3144199304857
420,4358683.80368071,4029588.0601624,10.6612374848171,59.3654398356871
300,4361338.24752879,4095543.98403732,10.72017059395,59.958617284975
300,4284233.05771079,4264872.50215143,9.312450371345,61.48319677746
300,4343786.56375854,4226444.43917479,10.421558384504,61.138144335288
420,4667046.56041903,5122163.05292472,18.59049670426,69.033566205954
300,4310986.96057878,4460360.8922276,9.80171908016125,63.2462727611775
132,4581604.05074526,5077813.29311334,16.3716783824633,68.71827413169
132,4547724.7920507,5071834.37271152,15.53441257546,68.69081790425
420,4178165.43261832,4005003.14433092,7.5104849938575,59.1233704745375
420,4164199.68933929,4030309.83195589,7.2493912845525,59.3462187434725
300,4174220.89957073,4260143.74016538,7.26015604369,61.41657091122
300,4198104.44228135,4269130.47464208,7.699810018906,61.505121550842
420,4322342.81616893,4133958.6581587,10.02422196684,60.30617197289
250,4218857.45248537,3897166.4767625,8.267193412915,58.164831751605
300,4236474.85056001,4086135.47189188,8.49487942567667,59.8677309195
300,4128482.51827826,4055643.44693343,6.60135485907,59.559992905005
420,4173907.3790831,4032726.93218293,7.41791367706,59.37122051606
420,4285743.49288451,4013027.35842445,9.38399688281,59.21666123225
300,4302333.32437747,4001467.97891508,9.67481829921667,59.1136669063325
420,4294928.74536928,4019180.50255659,9.54375247119917,59.27263547639
300,4312259.81704698,4068744.07360039,9.84505502531,59.7192203692471
300,4276254.82606399,4062130.89472058,9.20817122894167,59.65755884279
300,4243262.94841513,4045166.64081226,8.6305376419525,59.5004323448225
420,4246426.20333435,3943395.97983138,8.7200718595925,58.5856993095188
420,4297749.22657612,3993458.4122634,9.5957946785725,59.041408197725
132,4203059.15805881,4413991.09701867,7.69771995456667,62.8109455466686
132,4123299.4360518,4345538.50245868,6.22010484878333,62.1636447272667
300,4281146.65740913,4437798.82821228,9.21621221808,63.04097487039
420,4369435.90053787,4081992.02176424,10.86162928634,59.83586641516
300,4349085.95518475,4088653.95063719,10.5005203356067,59.89756715454
300,4345215.27106335,4229276.80330883,10.4483425770533,61.1635682762467
300,4390164.05823459,4193361.6985206,11.2677808336275,60.8353142180575
300,4297048.80334543,4021775.51726577,9.58057123165,59.29609732966
420,4342761.44030805,4025489.8480139,10.3814496041937,59.3296224367363
300,4352276.92963281,4091900.55771955,10.55786429593,59.92656696275
300,4358473.68995445,4092856.48514952,10.6685549765133,59.9346867935
420,4363190.24560557,4046488.55291175,10.7435693512667,59.517078737435
420,4402231.80166677,4003365.77603896,11.415608469565,59.123853035715
420,4414779.67458612,3979262.29943464,11.62415571713,58.904688165
420,4424634.99835349,4027631.95333706,11.81722046065,59.33750353508
420,4365115.86611226,4070066.04335599,10.7823225957,59.729014378235
420,4359086.56236694,4051198.37626499,10.67207589059,59.55981865584
420,4233479.68554148,4165439.80995067,8.40805201465,60.58067780091
132,4086526.69129699,4310761.52781896,5.56345472651,61.83166114667
132,4091528.4882964,4308245.3789675,5.66097414577,61.81184964765
132,4071988.39005193,4287684.27565584,5.3200264988375,61.6158480825725
300,4097010.83443708,4091061.74732884,6.00985832576333,59.8634477686567
300,4116575.67597037,4119896.92422976,6.329721367035,60.13199195759
420,4246831.34029724,4087616.98421401,8.67873189466714,59.8829145838229
300,4326975.01982718,4052953.26906792,10.1054866910342,59.5771885270908
420,4513836.89043774,4804770.03700467,14.2665746646017,66.30224099406
420,4637427.59576284,5021375.3769017,17.55850242469,68.158978969618
420,4577714.68352055,4955940.82240332,15.99121336919,67.62273450417
132,4665084.77292308,5137943.19141787,18.596582966385,69.1775465816775
275,4081048.12319507,4165202.29607895,5.64046722091,60.52088570158
132,4200171.2704746,4400407.62112473,7.65089752516,62.6877291239
300,4352994.76371316,4132210.26390881,10.5768433341283,60.28926618288
300,4356429.00800476,4134725.64400963,10.63918968658,60.3116391818867
300,4389147.22334965,4143660.9883599,11.2323477842,60.3881655363867
132,4115129.88515651,4246268.43042233,6.17392303873,61.26704539882
132,4109067.32847777,4241293.99492149,6.06695040664,61.219334318895
420,4177105.85107004,4192745.2706958,7.36380036598,60.81120599287
420,4357739.77298202,4053106.7270626,10.6486353644071,59.577100177485
300,4356006.2172086,4053456.30053821,10.6180877646971,59.5803842652071
420,4355951.85382278,4054649.8781312,10.6173207102371,59.5911269527586
300,4351858.98319401,4189421.56586012,10.5650834451375,60.8043121907463
420,4163636.21398436,4158607.17069222,7.14401532879,60.49946614649
300,4360936.23585454,4098887.31188447,10.71362734648,59.98873813935
420,4225579.93489446,4169057.62680975,8.262704851975,60.611561826045
420,4634531.54237442,5012470.46558291,17.46451952908,68.08173802618
132,4643932.87324924,5049801.10352252,17.797251035462,68.40805491734
132,4656313.91972802,5053830.60249845,18.10595224247,68.43137122256
132,4640102.22521266,5051766.45833841,17.711448144545,68.429622721165
300,4452642.47223141,4680261.37839632,12.793773431616,65.206910422052
300,4480748.9246458,4678599.91523179,13.38750512603,65.18067480418
300,4480699.33509254,4681644.42543093,13.38987192995,65.20815311305
420,4348329.28170931,4027059.57118295,10.479238885635,59.3434406370713
300,4225913.09214423,4044568.23478955,8.32525552026,59.49170690439
300,4215083.02243435,3947537.87568745,8.18041845293,58.61681164842
300,4212031.31649057,3947331.61823292,8.1281129387,58.61424668857
300,4192957.14342439,3951434.62751424,7.79836483633,58.64622875457
220,5000390.80506671,5263383.5646285,27.56712356865,69.7164366985
420,4451669.38618108,4458131.20940044,12.58461003458,63.20459979013
420,4290889.03765353,4003180.78373423,9.47522893672,59.12845925541
420,4146218.61088461,4367886.14866831,6.63575192426,62.37517800441
300,4095599.88588866,4089212.84393656,5.9867383809,59.84612627885
300,4261263.04345305,4129154.33285112,8.92392735291,60.25885306439
300,4136679.05835099,4223216.15205727,6.595673066585,61.069713983825
132,4134330.26191339,4240232.77544646,6.53599944798,61.22169723543
300,4202810.92319513,4219443.12036204,7.81838600042,61.05929311491
300,4160894.92801495,4238373.84910556,7.02986414038,61.21586688034
220,4549616.92821477,4746814.89272106,14.95569972375,65.75837033321
145,4445744.55074489,4093395.94955673,12.22518202479,59.92352807604
145,4450439.01315705,4088774.87480369,12.30603954702,59.88062162975
420,4156039.70116756,4025822.56600559,7.10976094067,59.30297637921
300,4316920.29152892,4065150.94067047,9.92774360734,59.68695750283
132,4601788.41120803,5029018.29110521,16.7329580903725,68.2611384425
132,4575944.74468124,5054497.38534259,16.1774926736671,68.51266991547
132,4574286.03347096,5054907.05981794,16.1385070535243,68.5177052986843
132,4574295.46691384,5036915.88938537,16.09606135573,68.3554432517628
132,4568586.9450445,5041397.66581484,15.9697457247443,68.4003825440014
145,4630338.60544973,5054854.4795992,17.4864601197629,68.4671297467286
145,4630642.41788477,5053252.55888106,17.48909554375,68.4524180421028
132,4396480.27046821,4439320.37073223,11.4849729433575,63.049502042685
132,4383745.94115251,4452220.86429569,11.23931955487,63.16801190113
132,4227560.25842858,4312542.32668331,8.2291035775725,61.9036122676975
132,4220344.34038517,4314588.40198159,8.09128945441,61.92034049989
145,4281920.75831058,3980801.51390898,9.3228309916375,58.9264819417
132,4286470.12462482,3974664.69614686,9.40259423194,58.87165217183
132,4306108.45749288,4424399.32571264,9.70829681170333,62.9219049405833
132,4321651.4992506,4411098.45513907,10.01271134703,62.80228625973
132,4328492.52388726,4395909.90615278,10.145527316985,62.665316461945
132,4334157.97320186,4390744.55275271,10.255176031935,62.618616764595
132,4353270.39480014,4342942.05907456,10.61710693496,62.18679203595
132,4377991.02832954,4192305.87787312,11.04438147143,60.827601137405
132,4375079.53900117,4192115.27501514,10.99098264899,60.82626242092
132,4358162.30694664,4192238.71506193,10.68102882937,60.82917328796
132,4357713.92126515,4187578.60244193,10.67195200504,60.7872606968
132,4668880.08466513,5169485.66450624,18.80224043407,69.45657505478
132,4239130.11550893,3921747.78225364,8.602489132785,58.38981914201
132,4224334.50316025,3916763.05147091,8.35206392581,58.34216382791
132,4224510.05123995,3915734.02282677,8.35547774945857,58.3329492610386
132,4414077.0691451,4128224.08464817,11.67604320021,60.24465783843
132,4346853.78858925,4072893.78563517,10.4588280531983,59.755893080165
132,4268673.66542329,4127482.55347267,9.05782500381,60.24475818489
132,4285533.54054935,4126269.10177954,9.361587442215,60.235529509905
132,4319908.30234361,4096248.5153437,9.9805053262,59.966798035255
132,4364426.65562983,4176910.84128473,10.79248338347,60.69060675961
132,4354247.7116404,4178883.61482647,10.60706791785,60.70927088039
132,4368894.25354465,4172565.46541785,10.8729672893125,60.6510197286975
132,4115065.217882,3995306.7146239,6.42115308258,59.0120446759067
132,4113404.15100342,3997739.40901938,6.39008690539,59.0331401676729
132,4182205.95648179,4411221.25884305,7.29326694141636,62.7793007138145
132,4181862.66967014,4413076.13098671,7.28507950437,62.79588602482
132,4182099.84731993,4416802.08511519,7.28669005737,62.82952432069
132,4180888.13184852,4418804.96198954,7.26140766823,62.84713871561
132,4179360.94793234,4419618.89698559,7.23091601798,62.85392961295
132,4176308.26379397,4420202.21684742,7.1708073085,62.85808694506
132,4201924.17553385,4414612.51323111,7.67515006438778,62.8162065882478
132,4460464.34186562,4782675.38666426,13.064006446205,66.12827488362
132,4460472.51750713,4781453.99168784,13.062891299235,66.117244353885
132,4460566.51993277,4780211.22902807,13.06363636636,66.1059868479133
132,4460804.59116774,4777507.80473011,13.0659903745525,66.08148504759
132,4461171.38345425,4776163.18951289,13.07259696203,66.06919956967
132,4724029.59854297,5192000.59886833,20.27145246601,69.5892841345125
132,4450990.59384426,4708090.47232264,12.78446911226,65.458625546575
132,4108047.02361045,4356409.3836845,5.91624574093,62.25374404253
132,4107019.89567703,4356634.75612412,5.89632459159,62.25523287891
132,4105074.12611747,4357448.20531039,5.85811468813667,62.2615213967117
132,4108962.40413001,4361902.29684171,5.92724513728,62.30361808402
132,4675108.63558317,5180026.14058785,18.99669949513,69.5439486972125
132,4672840.27205695,5190166.63521633,18.9771722340267,69.6377032192767
132,4342030.73068749,4124587.45241473,10.37839852684,60.221326895815
132,4244537.63585403,3928167.60323269,8.692674724872,58.448462880207
132,4197528.66155912,3907392.97213093,7.90022091486714,58.2516051687357
132,4199636.20249275,3898008.23422977,7.94084634309,58.16780763729
132,4200558.58570811,3896580.09845139,7.95721097423,58.155209915925
132,4197759.39184571,3905068.18977303,7.90535345055,58.23077104934
132,4197837.92351715,3903572.8400926,7.9074649377875,58.21735165039
132,4197883.59367309,3902691.95473119,7.90869798004,58.20944636316
132,4198999.87004852,3899391.62171017,7.92934556214,58.18007589796
132,4262561.67704753,3955818.46662987,8.9938179602,58.69973549524
132,4255562.38882545,3946893.12054788,8.87586066904,58.618531885065
132,4241216.34742949,3923441.68936802,8.637515219224,58.405412027877
132,4074595.59194867,3977285.69666777,5.73899901345333,58.8302043100883
132,4073810.35648519,3983706.13866131,5.71846641513333,58.8874081189667
132,4448123.67481999,4697982.05602182,12.71392819653,65.36842389595
132,4447315.31838155,4698631.22590393,12.697273673072,65.374565646824
132,4450865.84229006,4686189.63506538,12.76153769274,65.26103937517
132,4453346.17513274,4682549.57129209,12.81082273924,65.22730041769
132,4451221.9307116,4684699.59782585,12.76773124845,65.24746710909
132,4204004.77366382,3897711.21633326,8.0150747858475,58.1662506438925
132,4197611.87464711,3906556.80759093,7.90207149239667,58.2441117373033
145,4265730.41873514,3958945.90965182,9.047616819655,58.72825240278
132,4706254.41939876,5190897.98030758,19.820758264915,69.602909133865
132,4109737.1084746,4352000.3851238,5.95377654715,62.21497424048
132,4109147.06304678,4352865.12387029,5.9414808254,62.22244473424
132,4122084.73348486,4346262.49599641,6.19612735314,62.16956773831
132,4243496.34931395,3951418.67196628,8.66710316877,58.65735614842
132,4242263.86779382,3952262.37090143,8.64562361168,58.66473367318
132,4241022.63244689,3956680.336446,8.62274033525,58.70424604134
132,4175829.70799994,4421359.46837426,7.160478410346,62.868334627472
132,4587930.41522256,5084194.07265486,16.54180138491,68.7704424110058
132,4217353.51263103,3916889.45944992,8.23304365041,58.34179782016
132,4081378.8476743,4321009.51114588,5.45298533774,61.92080398836
132,4082038.92027441,4321979.83991282,5.46421206371,61.9299067323
132,4238470.78141821,3919389.74299399,8.5920670435,58.36850163859
132,4240164.23587627,3923532.49304875,8.619521178076,58.406046578016
132,4350934.95190018,4143795.78366454,10.54139569898,60.39368377756
132,4359912.34737596,4123640.86977625,10.69994261436,60.21158407753
132,4658732.28910699,5102201.60159023,18.31995197516,68.86344961834
132,4644271.70680225,5138537.1086019,18.0838130017425,69.2057140128425
132,4644043.37534735,5140249.52152605,18.08374447359,69.22135926062
132,4659983.72602385,5126047.32995806,18.43014652406,69.07636493846
132,4648430.35212417,5133848.75500769,18.1713123338113,69.1591042160575
132,4197681.92633719,3922826.9807869,7.89474005988,58.39036963678
132,4198001.14454471,3919090.36014592,7.90214584491,58.35686811398
132,4714798.76097959,5189645.40298815,20.03010968809,69.5805234696
132,4327217.83813368,4191067.26144111,10.1139135233375,60.8201921729687
132,4324151.128879,4210439.62008731,10.05803924717,60.99463798419
132,4300144.61669799,4194453.06270251,9.61756766903,60.85021145882
132,4296480.1365044,4191846.59015561,9.55069455829,60.82655241533
132,4258568.17068859,4236117.33888415,8.84196436418,61.221249061
132,4262784.94680802,4229433.57657449,8.92217833479,61.16167409098
132,4261041.67091627,4229489.88619896,8.88989033406,61.1619380705
132,4233684.32673365,4233991.04747142,8.38149872879,61.1977044783
132,4493941.74879889,4791469.32181722,13.8097012303175,66.19269138602
132,4497220.80767834,4795369.68955042,13.8870399756,66.22624428231
132,4072821.31372236,3978431.2663518,5.70714055657,58.83952854786
132,4444670.53424534,4768355.55923159,12.7040185661025,66.00489904997
132,4445764.88862302,4769224.7807545,12.728736405355,66.01236158825
132,4443073.24907946,4767049.64430261,12.667931936745,65.99366442492
132,4443937.08796699,4767585.47946214,12.687286519645,65.99820240376
132,4442049.80063688,4766068.47412511,12.6446945359233,65.98515786326
132,4441185.82485096,4761067.64210776,12.62133228944,65.94029707593
132,4436176.31620641,4757064.73905523,12.50872891152,65.905820574725
132,4444004.9507669,4759059.58855257,12.68091022613,65.92119468603
132,4446867.92282201,4746317.39093155,12.731323082968,65.805145749394
132,4444261.58715174,4758007.62085157,12.68552963098,65.91160694672
132,4472720.62391133,4751317.68119764,13.2971409812,65.84016209257
132,4427405.37583964,4714054.78505313,12.28425014622,65.5202121828833
132,4250900.56766397,3933223.98588277,8.79992451477818,58.4949340208955
132,4224077.07100728,3907889.11230045,8.35132620994,58.26233454184
132,4729046.44867876,5192305.32611478,20.39853164451,69.585189437915
132,4245796.08182374,3946771.04019036,8.70816083388,58.61594552674
132,4063150.25960888,4177193.30258154,5.30092040723,60.61826396307
132,4062739.47990381,4177976.11880768,5.29245276687,60.62504699208
132,4060700.5831704,4169161.56065777,5.26675858307,60.54468655287
132,4056051.43645732,4169646.1118477,5.18184385243,60.54621604765
132,4051179.23870232,4177140.12763785,5.083516481095,60.61047359641
132,4051864.20413635,4178707.07087454,5.09386447284,60.62496634533
132,4051150.17513474,4176125.31992637,5.0843463834,60.60134636047
132,4127176.01635847,3999437.87463446,6.62773491716,59.05447115479
132,4458870.35453745,4789914.62443575,13.0366429191325,66.1942690569325
132,4458657.79519155,4789031.84088308,13.031038685455,66.186382073535
132,4160325.5147664,4361427.91334515,6.91275102335,62.32287841803
132,4161325.02441132,4360835.78680877,6.9324616108,62.31794248062
132,4146926.51826238,4369030.45928196,6.64823438397,62.3857800426
132,4247896.668604,3944458.15216666,8.74496868532,58.59548555627
132,4242678.81023006,3923228.88482636,8.66255546129,58.40374764068
132,4176174.84226189,4407538.11226997,7.17886865185,62.74399566005
132,4198179.440088,4414186.80456708,7.602398871305,62.811238023475
132,4196337.27126191,4412942.38341371,7.56736919207333,62.7994583227367
132,4244179.04634801,3922963.94274209,8.68825530512,58.40161602964
132,4338471.77391564,4115142.54056227,10.313570395945,60.1364826091325
132,4224130.14506587,3923478.94312099,8.34580824625,58.4024978616
132,4412730.30812253,4478826.83867919,11.82630682984,63.4021427193
132,4416944.36452991,4477580.30582763,11.90943724278,63.38989472171
132,4413430.72435936,4477877.97022545,11.83971138937,63.3934245038
132,4411232.07500976,4480620.10828369,11.79747712564,63.418656678335
132,4460513.33063065,4775432.52284285,13.057421234225,66.062865209705
132,4459819.8753778,4774802.92834113,13.04158374911,66.05745617667
132,4458577.54544315,4773346.57330582,13.01288724371,66.044796838265
132,4457471.53510889,4772037.8908303,12.98734947259,66.03341314594
132,4455574.77835779,4770921.16365301,12.94474973182,66.02406199883
132,4454443.20470557,4770404.46529527,12.9194997818767,66.01982810466
132,4453311.6662309,4769537.85813066,12.8939102663833,66.01243132804
132,4666859.43759788,5123247.75396133,18.58962627215,69.043521453
132,4222961.83555227,3923981.70376522,8.32565429453,58.4067726262
132,4458602.678713,4788260.53035354,13.02901581166,66.1794394832267
132,4459277.5644531,4788045.23988202,13.0436248114675,66.177229138455
132,4460193.00652559,4785747.36168177,13.06130784309,66.15611855586
132,4460347.68228642,4784657.29726391,13.063548017995,66.146215127855
132,4508494.56871727,4809294.47464321,14.15523317979,66.34598165025
132,4509068.92216454,4808325.96138478,14.1665194421633,66.3369333223567
132,4095000.05980607,3980593.24744906,6.08782894162,58.87042310584
132,4409373.95003778,4198102.34458154,11.6219025498433,60.8744513704578
132,4407820.19323757,4198004.11688133,11.5933535596,60.87388518451
132,4408452.62846807,4193081.759285,11.60278499922,60.82945449166
132,4446644.63287169,4769570.27576706,12.748283363475,66.01516811616
132,4076870.41485653,3976784.6460318,5.77878331728,58.82692488013
132,4441756.99472064,4098997.84248605,12.15730098851,59.97501782134
132,4187730.91062305,4347891.7266092,7.44889079997444,62.2109097075989
132,4186761.22301384,4341369.70863027,7.43520673675,62.1518746724
132,4190456.1615796,4346398.64062521,7.50209843295,62.19834715491
132,4186464.27794843,4350154.1104335,7.422971088455,62.230863119465
132,4676719.78823065,5166787.50356868,18.988294413075,69.42316426422
132,4255704.81932173,4394035.80561197,8.7326133669875,62.6431917585325
132,4460477.7615245,4783621.7145259,13.06530462075,66.13681345939
132,5069946.25623396,5324707.10580219,29.76336525141,70.07885833137
132,4053485.96357001,4161612.52464129,5.1459202998225,60.472526275275
145,4056207.44775805,4155960.16304203,5.20249040595375,60.4234561735
132,4353415.98699624,4061761.57170392,10.57360209156,59.65530230015
132,4352727.46182623,4052898.66636076,10.56011716896,59.57561191746
132,4342553.4473512,4075351.18639702,10.38275919109,59.77823360057
132,4339869.75933445,4072385.32182494,10.33483961627,59.75166925648
132,4446735.71162272,4744633.29092518,12.72689211433,65.7899888869
132,4444042.34584184,4736669.50155338,12.66132436662,65.71903652208
132,4337720.5151918,4081220.34610585,10.29739445117,59.8312527287
132,4481980.67896751,4803280.74090237,13.56131942921,66.30502106507
132,4470503.17028402,4800878.98738132,13.30505431531,66.28846580622
132,4495566.74620052,4757792.66038717,13.80106233154,65.88805566862
132,4468230.49023215,4752329.5366892,13.200814595438,65.851188005822
132,4315243.34886588,4089731.53704743,9.89737970081,59.90811763218
132,4317674.23548069,4092880.85504659,9.94066438291333,59.9364820840467
132,4346596.16101165,4075164.58298115,10.45452799796,59.7763400789867
132,4340221.8352684,4078488.71314604,10.3416364849786,59.8065717892686
132,4249217.59954971,3931897.05819698,8.77152733205,58.4827448707
132,4282095.54283892,4098417.17527114,9.30489534979625,59.9845998470025
132,4327380.5789054,4071708.36449947,10.1132024814012,59.74593263298
132,4314757.03511557,4088770.12033092,9.888738838525,59.89945969
132,4317362.38070046,4093914.66766494,9.93508239259,59.94578264531
132,4321931.32471231,4071553.91846284,10.016522650425,59.74458773455
132,4325355.05778339,4112147.15382096,10.07809927833,60.10985170064
132,4326410.68769387,4109736.5132571,10.09696745431,60.08814569708
132,4201639.45203869,3912744.97491076,7.96738620811,58.30078039294
132,4298901.85428757,4124527.18385596,9.60240256448143,60.22073185711
132,4317271.27943332,4126054.64077634,9.93288339063,60.23502080302
132,4316792.68336774,4123315.46027963,9.92432434001,60.21036402904
132,4334158.09498654,4120251.3812899,10.236475415475,60.182610597165
132,4326588.1829325,4122160.21595292,10.10048170966,60.19995156326
132,4322035.21150061,4122644.85130372,10.01861667786,60.20434762258
132,4319700.68560306,4122805.70413415,9.97663283275,60.20579457139
132,4300520.60096542,4124913.19019462,9.63148888693,60.22428461813
132,4220929.91712342,3925282.61808302,8.290408698452,58.418034511998
132,4330509.073905,4119939.26311258,10.17088174381,60.17989596336
132,4327993.54097362,4121910.81599642,10.1257431492,60.19768683036
145,4267105.2750421,4000641.66730433,9.06137739555,59.10342012145
145,4266907.87890751,4004804.7399341,9.056931397102,59.140841602028
145,4292176.24795414,4002843.16720715,9.4977051560575,59.1255058904375
145,4300404.18285525,4008132.45619944,9.64059692582125,59.1735331829887
145,4279973.78862491,4055042.74981675,9.275326121085,59.594145344195
145,4278972.67588332,4053684.32027912,9.257907892225,59.5818309997725
145,4242239.43574483,4086981.1412425,8.59718660797333,59.87640129784
145,4240594.97104053,4087156.23884616,8.56783833627,59.87768101691
145,4333411.21572539,4001958.10072444,10.216236762385,59.11828984137
145,4330301.57389601,4000767.05933853,10.162009065584,59.10765029286
145,4302845.23058332,3995315.07295169,9.68423510469667,59.0583408212517
145,4302004.55377167,3995304.58273941,9.669614201625,59.058212104845
145,4302319.04149545,3994222.04028026,9.67517428341,59.04848759864
145,4313137.79063063,4023659.28115453,9.86224993522,59.313610872975
145,4318922.72119849,4011322.0543142,9.96372076621,59.202689214645
145,4338747.60031888,4041222.83766738,10.3123673854,59.4713388343867
145,4339650.63862219,4042061.36475727,10.32833285439,59.47884619118
132,4080895.33601094,4204572.91245655,5.590522345278,60.874419898394
132,4080578.09977564,4205840.96476032,5.58317043724,60.88563194603
132,4185284.21985345,4427458.13745838,7.34037277858,62.92659553769
132,4088882.41921493,4192675.41800631,5.75074739002,60.7719437133
132,4089351.19011034,4188011.18067776,5.76472054416,60.730296092975
132,4086041.81482681,4201832.61830836,5.6880501750325,60.8526590297525
145,4298537.22749924,4008470.67359515,9.60798449382167,59.1764870221267
145,4297484.68398316,4010273.85443687,9.589425419845,59.1926541852825
132,4586632.85783226,5086510.41775078,16.5161592627817,68.7924400678117
132,4583274.93566782,5088002.14904379,16.438096341105,68.808749043935
132,4579146.42525539,5082865.58274932,16.3245269257133,68.76588721836
132,4576372.04957987,5081762.23648447,16.2542347738,68.75822821839
132,4538685.85434466,5045793.33958924,15.26091646304,68.4620888556
132,4544578.03627626,5046565.33403262,15.4043224436825,68.4649349633412
132,4548949.56661896,5046314.96851021,15.50898028991,68.4595438689867
145,4228037.74615447,4081550.50076357,8.34669800861,59.82479694622
132,4514604.79970602,5029082.59625193,14.65076982079,68.32680495509
132,4519876.4757911,5041170.11504519,14.7993638758975,68.4327488237025
132,4499816.84192015,5020954.5599377,14.28312134253,68.26201810697
300,4380364.15404934,4301761.40578252,11.1217581572833,61.8128154775367
145,4324162.49444674,3996551.55491056,10.05502288156,59.06981461019
145,4322224.42225432,3995040.57127119,10.02129494669,59.056232275175
145,4337959.06600745,4019749.64945483,10.29683002765,59.2781894809
145,4328788.66726996,3995092.44062289,10.13546084009,59.056633825335
145,4324210.28378005,3993508.95166089,10.05581079306,59.042445366585
145,4343874.54711482,4013069.14128147,10.39967503969,59.2178323145467
145,4346675.85438599,4016232.4937877,10.4489864092275,59.2461384179875
145,4302215.97116784,4057620.28257275,9.66797185676,59.61882397542
145,4317176.65423034,4052613.12923409,9.93250626059,59.57415180183
145,4333388.92463153,4052759.49196764,10.218710140582,59.57531342799
145,4301381.73163812,4008361.07211264,9.65763502498571,59.1756331687143
145,4305171.38916239,3990568.47161235,9.72502801649,59.01573166752
145,4335347.44953771,4004867.23294621,10.2501579588333,59.14440170598
145,4334864.33955788,4000947.1597973,10.2414911675,59.10915399555
145,4298583.79080457,4003114.00943426,9.609335794926,59.128303807346
145,4294227.93528779,4011811.15610735,9.532379214655,59.20630223079
145,4296925.00531055,4013236.53502739,9.57933247081,59.219275859725
132,4383950.18474787,4026188.30310573,11.103556966035,59.3320362384017
132,4090913.80032264,4149817.55680013,5.83665498371,60.38804187164
132,4068101.26511235,4160613.91660466,5.41159509836857,60.4723243842229
132,4065617.56404818,4151669.49503721,5.37784908565,60.39056436364
132,4065164.8732664,4155393.54085372,5.365020148185,60.42373346826
132,4064495.41321701,4158483.0020738,5.349042836545,60.4510764739317
275,4063425.50077507,4156424.40514236,5.332298257971,60.431961303843
132,4065932.99328462,4159178.81218352,5.374164323225,60.4581703725175
132,4064045.43634828,4160161.38307905,5.338790814754,60.465879135022
145,4053796.37574707,4153118.63069121,5.16265531276,60.39647499216
132,4091919.10328919,4189147.94988514,5.81025669792,60.7418836656467
132,4064945.77183432,4149717.33417412,5.368164929283,60.372643074004
132,4066904.71742097,4143502.8801606,5.41119018914,60.3179956085067
132,4079182.67844549,4180913.54444812,5.58784423781222,60.6609534879622
132,4081244.41364732,4201782.86041112,5.60029361079,60.84955415476
132,4438159.33104764,4763446.16836881,12.5574724698133,65.9627930993433
132,4084184.90195382,4209069.04752165,5.645392716945,60.91664131584
132,4086650.06377227,4212692.54604125,5.68630027993,60.95055210755
132,4087631.07941027,4213721.19283411,5.7030932991,60.96033065222
132,4065256.17707569,4144797.42032443,5.3798928392725,60.32865458125
132,4064576.54285564,4145723.73397789,5.36649431788,60.3365717609
132,4061679.39013887,4140525.49424825,5.32084322141,60.2881924019
132,4422556.8653188,4302306.35260344,11.91902467741,61.80952880359
132,4442966.35287182,4245999.41781014,12.26801145338,61.29720960669
132,4690502.58891163,5144428.27041034,19.2478618332333,69.2059561094533
132,4829694.67528703,5332575.34720944,23.69033782668,70.67595262034
132,4831060.15197228,5330705.04261977,23.71484938803,70.6568993435733
132,4844616.80420759,5314461.28376742,23.96988904896,70.48820459132
132,4843284.02320384,5316078.31953483,23.94511092735,70.504979128965
132,4842418.28321451,5316982.77918585,23.928117814525,70.51458126644
132,4061893.57684683,4176402.30867424,5.27910305944667,60.6104101768667
132,4109940.70471847,4149339.59927174,6.180738456145,60.393391176785
132,4105445.10078966,4147189.47476693,6.101812066165,60.371869643135
132,4048335.42287752,4200212.08553989,5.00043903909,60.81578021079
132,4049580.63630457,4198577.91881035,5.02542662396,60.801900990385
145,4336290.50555329,4051496.18503155,10.2698441226963,59.5638575459425
132,4431030.30483921,4123123.24091504,11.97846637212,60.19483614497
132,4402789.88125534,4238257.85247807,11.51791339339,61.23721903605
132,4367292.11822447,4191160.93548758,10.84807424196,60.81858277029
132,4373021.09967443,4191231.0101775,10.95303582455,60.81855709453
132,4359737.16960128,4191990.50261384,10.70983912251,60.82679945282
132,4361832.55921407,4353648.28191875,10.78326592163,62.28248625318
145,4324374.21076696,4001500.65563049,10.0587810829367,59.1143320197867
145,4327583.77850157,4001428.30161685,10.11469176581,59.11364597121
145,4332245.29648783,4003041.13248537,10.19597797016,59.12806255812
132,4069918.14883287,4161926.56191328,5.44284834506286,60.4851658604429
132,4073783.7714485,4165213.70858393,5.50882042692,60.5169045082125
145,4061123.89598171,4156987.42625536,5.2899942012875,60.43564541741
132,4064936.53983637,4150777.13575906,5.36667408384667,60.38215255376
132,4063009.31088221,4154354.81135835,5.32739182372,60.41313403311
132,4381355.65429119,4021976.87605556,11.056926853205,59.294509161315
132,4377068.81007461,4016371.34009669,10.980445298025,59.24464008403
145,4345576.47134739,4020419.19848006,10.4302272177733,59.2838624083633
145,4350317.73757997,4023668.05423703,10.51365522431,59.31280571221
145,4343148.1251758,4034257.58183101,10.3891118017267,59.4084802473533
380,4055359.39681555,4149777.29626501,5.195197662015,60.3674392964937
132,4096364.45222925,4198794.63927038,5.88049205008,60.83090103096
132,4095285.82176385,4196907.55904402,5.86290080402,60.81337983838
132,4094013.9617456,4193487.98934329,5.84354336381,60.78198626503
145,4046266.3607653,4171443.63073309,5.002040417135,60.55624985068
300,4037598.93557325,4171452.43859708,4.844898453095,60.550739715915
145,4039950.49888163,4171085.86851055,4.88803340973,60.54898364753
145,4052984.62743768,4152465.32691027,5.14886096787,60.3901117351
132,4340899.62593136,4172096.29012816,10.36267874732,60.64899578382
132,4387509.8722902,4049411.8489836,11.1730151022175,59.540426266555
132,4059355.21181526,4151301.41573958,5.265310254825,60.383540299515
132,4057311.7023079,4149402.46446499,5.23088523389667,60.36526081491
132,4062488.91448679,4161865.01368415,5.308473836975,60.480249913235
132,4070046.07578012,4155592.87463606,5.45296337038667,60.4283687762167
132,4428658.80151939,4169206.38944085,11.96009548177,60.61002397992
132,4346405.96276639,4077040.35815809,10.45137380853,59.7932289227775
132,4346026.89225829,4078331.66624218,10.44479076641,59.80486951797
380,4043487.65616724,4158626.60143459,4.96916422147,60.43945192838
145,4321584.61310199,4001726.0014691,10.01018495615,59.11637126659
132,4667767.93738394,5180514.22913987,18.81418298449,69.55694086356
132,4675781.17289734,5172560.37462602,18.98603594623,69.47611100226
132,4677151.48681186,5168862.67781632,19.00669443288,69.44128595862
132,4676256.27741618,5179477.46646958,19.02346495835,69.53766025364
132,4677298.29247491,5177166.16325862,19.04102743294,69.51566751034
132,4677468.79886774,5172121.41807598,19.0266336894,69.47016892575
132,4668347.8663833,5196137.5891349,18.885836750575,69.69662495484
132,4666160.50516332,5182263.49226539,18.78011644062,69.57451928196
145,4344055.10075489,4023595.4715942,10.4039270817433,59.3125162590967
132,4089285.98616552,4149505.43051538,5.80762183493,60.384374841505
132,4061552.0965,4170077.75763282,5.28102248493,60.55342325858
132,4092535.19202998,4155475.20675196,5.85960336584,60.439717333735
132,4095588.60068405,4157977.19289192,5.91204948097,60.46378845591
132,4537443.98355407,5046218.90565021,15.23189147386,68.46678699295
132,4060668.2361255,4181886.87012663,5.249750086965,60.658913894755
132,4056461.67181347,4187124.32752647,5.16632358732,60.70337262798
132,4048073.37568157,4203717.09096822,4.99083087841,60.84707531047
132,4050029.61935687,4207828.22749399,5.02098962982,60.88522160538
132,4051021.05593338,4208237.2276248,5.03858851904,60.88951991899
132,4260421.15194699,4226564.92682617,8.87931631151,61.13551634047
132,4269572.63680816,4228872.02628435,9.04798149476,61.15749599917
132,4287227.5114103,4201942.75910479,9.37943344972,60.91681507421
132,4282989.1854967,4206452.8472228,9.30068949165,60.95706260864
132,4315373.25050731,4171997.25785978,9.89745215443,60.64852649357
132,4339506.15004577,4172091.1582316,10.33728201159,60.6490116028
132,4380494.36752109,4148533.08811771,11.07731623364,60.43328089627
132,4725609.46348373,5191986.20663326,20.31100799845,69.5870159152
132,4522066.22125736,5039783.98551535,14.8494165146,68.41883908757
145,4057842.12957031,4157533.49250887,5.2299898444075,60.43857247839
132,4069356.66280781,4129352.67225308,5.47257991496,60.192370396105
132,4064311.5925631,4137924.80008145,5.371438229185,60.26639958366
132,4073961.26831569,4177824.3133203,5.49662429992,60.630251404975
132,4132230.85237817,4287712.40941231,6.4499717951,61.64773207038
132,4131200.50808043,4297712.19094683,6.4204596923,61.73719827256
132,4480226.19675742,4845977.69741988,13.57594631566,66.69130407833
132,4479845.75215509,4840937.48156237,13.56103908285,66.64597023416
132,4477662.26526289,4807146.48543515,13.47063543399,66.341891920155
132,4481891.82194192,4804105.43871556,13.5603816788217,66.312506247855
145,4276243.37191272,4022010.35363359,9.21620529008,59.2966264341325
132,4061703.36404573,4179641.83583799,5.271476804925,60.63938105712
145,4045199.96062514,4170663.46486746,4.98376828997,60.54856962138
145,4048837.94255376,4164564.74804795,5.05790188118,60.496133581
145,4049883.37926834,4163636.4196924,5.07806256824,60.48845620808
132,4052887.51703358,4192774.67284449,5.09364764904,60.75188420241
132,4054127.941735,4189940.85117541,5.120059718745,60.72721651484
132,4126511.03035985,4380155.78106374,6.24361350796,62.476597146245
132,4137306.554696,4380121.71544041,6.45178539566,62.48133888528
132,4132840.54097801,4379392.9510806,6.3664525252375,62.4727281991075
132,4075065.42559106,4207563.57154618,5.48002614294,60.89797067521
132,4059033.89889985,4206540.72849033,5.18762561411,60.879269868435
132,4076705.6433057,4207376.99262978,5.51032055693,60.89723486777
132,4127386.38251507,4379097.03507506,6.26165095834,62.46749191415
145,4322010.59429047,3989328.73123226,10.01755039141,59.0048540092867
145,4333552.46755653,4006807.87811701,10.218970711955,59.16191206799
145,4347402.51880651,4018627.66082777,10.461978474655,59.267642989395
145,4339477.35735517,4019176.36277165,10.3233559978833,59.2729726727167
145,4341585.17194926,4018412.45621828,10.36017129011,59.266009527205
145,4342740.6540262,4018278.23906709,10.3803748759733,59.26474793274
145,4315039.75317413,3990303.37035785,9.89646617768,59.01358307888
145,4344484.47361802,4030906.21549619,10.41223010806,59.378262512835
145,4342640.69638562,4014036.09053755,10.37821132333,59.2265913552
145,4343817.37250882,4056436.48436847,10.403195450785,59.60798529312
145,4297059.6699991,4000142.61961394,9.58309300436,59.10149760078
132,4246193.17684682,3944563.76058639,8.71569527591,58.59616230251
132,4094857.99017255,3997556.96406693,6.068389828495,59.02266717898
132,4170256.32395822,4363015.99071125,7.10199434164,62.34097656592
132,4178362.55968754,4358840.89411767,7.26101212429,62.30631473892
132,4129642.42313112,4384420.50271824,6.29934001904,62.51646171158
132,4127354.15881016,4381882.90156762,6.25796690573,62.49254032987
145,4332467.6706615,4004794.61707218,10.19994353051,59.14383042964
145,4337429.11196992,4014387.43244584,10.2871564304475,59.229971233615
145,4300462.077618,3994728.65680889,9.64283940715,59.05296463057
145,4301655.42911943,4023002.44432683,9.66113264107,59.307355710445
145,4275566.85470595,4022679.22363843,9.20422110002,59.30257566181
145,4347348.3664,4035050.96913789,10.46299776963,59.41539137477
300,4176157.25035311,4272244.51423434,7.28702393863,61.5261287379
132,4204339.02412267,4247434.42102549,7.8297081111425,61.31162531077
132,4503756.67039359,4878335.20336233,14.150962888075,66.971595440995
132,4523903.67717368,4906922.73126539,14.65518688303,67.21805000317
132,4524254.08051456,4907926.85659101,14.664908718,67.22689855815
132,4465079.06463235,4819011.75054512,13.20560819127,66.45448896632
132,4464349.14171965,4826379.55654573,13.19767521291,66.52132949473
132,4480889.58931228,4852400.03479872,13.59903561333,66.74898657045
132,4480602.15004024,4848620.35772552,13.58774445771,66.71499109732
132,4480941.43055493,4853412.20951637,13.60149984563,66.758102217
132,4477710.21368617,4856468.27320057,13.53272517857,66.78720237827
132,4481053.51188011,4855398.35143712,13.60657367246,66.77598467933
132,4489147.62536705,4857942.07530066,13.79203252995,66.7950501265
132,4490634.2153171,4860274.68455209,13.82867727698,66.81537226827
132,4586937.52145262,4900942.33392269,16.08118729832,67.119963115302
132,4569755.15842194,4907729.57597236,15.7042656697925,67.1943229461675
132,4556914.90221538,4915398.56461366,15.426288327898,67.272781032234
132,4561799.9611037,4923304.57112948,15.5542024657783,67.34055825178
132,4559446.25915125,4897797.63523368,15.44922200563,67.11230488214
132,4558977.59996031,4896554.37440431,15.43610710923,67.1014302223
132,4556965.28317106,4895089.38258881,15.38747540444,67.08964436382
132,4277853.00986267,4468333.56677165,9.14355752623,63.31591491311
132,4278130.60286353,4466921.31769478,9.149433037982,63.303212044098
132,4098044.84148293,3982559.71249095,6.13850056971,58.88957398123
132,4096791.27295533,3983900.59240403,6.1155044782075,58.90100067594
132,4096281.33579549,3992598.90670505,6.09803717971,58.97885265821
132,4101575.73391205,4268612.4527611,5.89691893161,61.46104156065
132,4246651.71014098,4397795.6020775,8.555330352,62.6754976786
145,4344151.21318109,4004644.47108575,10.40363205644,59.14203400853
145,4248098.22864537,4056602.08853609,8.7118563163,59.60411081535
145,4252673.85110126,4091854.63936066,8.78142422665,59.92198089124
132,4197684.53413692,4239271.49030875,7.711229082625,61.23627013399
300,4300401.5301663,4001803.1025429,9.64113545756,59.116597954005
132,4526704.66835476,4918329.12857403,14.73896020819,67.3192697583
132,4467522.28981071,4829748.66601648,13.27223697806,66.55041868354
132,4495303.24276381,4860772.59829156,13.93452372658,66.81750488032
132,4514933.41657498,4913617.8078433,14.46089368412,67.28381830013
132,4518999.49620084,4915029.35310031,14.55649330977,67.29416542165
132,4296784.31372701,4477484.0956989,9.517971348184,63.400053751482
132,4305551.3424975,4501168.1835866,9.69023558783,63.6140905116
132,4588555.10982178,5009702.70949535,16.37037192953,68.09846987161
132,4122825.75022324,4380358.8264716,6.17234848575,62.47663463283
132,4079679.31422184,4178108.80890719,5.60024820154857,60.6360413342914
132,4079008.94641342,4179716.78200055,5.58612330497143,60.6501076464757
145,4279208.0903256,4052185.38689284,9.26235364092,59.5683677073525
145,4298767.4857003,4010911.36034288,9.61175873949,59.19845370878
132,4360596.8432398,4476885.1005825,10.78803474711,63.393396745605
132,4354536.7154146,4477226.23710983,10.66750715174,63.39703981127
132,4508521.92807039,4807127.73237699,14.15269305891,66.32641957656
132,4207108.56765137,3970422.19257293,8.032123576484,58.820643222214
132,4193135.45207222,3986029.58079373,7.78203318234,58.95726163846
132,4200844.65116372,4010313.34985057,7.902658572234,59.177685263236
132,4181835.27705822,4004163.64303063,7.5749216449325,59.1169639091387
132,4232033.17764222,4009968.76298386,8.446998997178,59.181784078032
132,4211732.6200865,4014502.91734779,8.090555298344,59.218114169568
132,4214981.86825305,3939787.53643252,8.182232270725,58.547111595325
132,4188179.67916871,3990228.21117949,7.69365397407667,58.99358941681
132,4166728.99520391,4033807.83826806,7.29126145004,59.37853434203
132,4166508.77439463,4031003.60832386,7.28937092032,59.35325242119
300,4130507.24365351,3890490.89177934,6.7752357039,58.077262858335
132,4134719.83192571,4393290.39565707,6.38791816493,62.5986499978
132,4130589.34729727,4385940.73362846,6.31596952825,62.53058761586
300,4038935.31188465,4171108.72337481,4.86960095014,60.54852836011
132,4123259.71813713,4152969.71303688,6.41781995429,60.4322724516
132,4068928.10791987,4147384.36877394,5.4428695388525,60.35401962092
132,4449231.9211056,4699140.30652288,12.73862186811,65.37848473818
132,4450633.5016186,4709633.65012125,12.7782662194,65.4726810469
132,4444680.57770376,4728749.92878206,12.667945057862,65.647324090108
300,4310611.3005269,4275204.24656976,9.80515511408,61.57773178325
132,4447698.76001727,4747384.13235114,12.75033244551,65.81448045475
132,4447812.60742433,4769937.00313343,12.774152771142,66.018060425314
132,4449199.91356732,4770237.27523068,12.80475705184,66.02026888483
132,4439122.50314744,4764096.41163234,12.57905332517,65.9683434606933
132,4440254.39982964,4764908.22745248,12.60446856785,65.97529316703
132,4209349.5675779,4317256.19262711,7.8812951345,61.94153271539
132,4080736.3579582,4320064.13528023,5.44206497516,61.9119349368
300,4100511.12789643,4091780.99923229,6.0713378475,59.87166436436
132,4073181.31903467,3981261.01184451,5.71026735181333,58.8651215610133
300,4106710.7965763,4205017.41825466,6.06309636661,60.89211914351
132,4519469.39813224,4811566.28187942,14.401287179095,66.36036620478
132,4523510.4044011,4817327.12139599,14.49970943711,66.40998388932
132,4509784.19388408,4804922.1655511,14.1773583401914,66.3058387853071
132,4284527.64979749,4093752.65337583,9.349154094898,59.942834419382
132,4409695.19699227,4478953.28826156,11.7659741195,63.403983369705
132,4408250.43555782,4482173.15526247,11.73893306651,63.4333344686
132,4391979.10752949,4483687.68135335,11.41539671268,63.45028802923
132,4283465.68729537,3977544.96962005,9.35014021501,58.8973213195
132,4275779.56649913,4104744.54779773,9.19069585447,60.04093359704
132,4276335.83396161,4105685.92039827,9.20044998137,60.0494612855
132,4265466.77275975,4126877.23826274,9.00025237611,60.238915616225
132,4603135.06573812,5035878.66307417,16.78290744986,68.32174184358
132,4204884.27882583,3905592.36828639,8.02613138345,58.23730854715
132,4344306.11918982,4080640.05809329,10.4144618257,59.825734011355
132,4424608.91965935,4660400.87535817,12.18492089736,65.03672934968
132,4459356.75004845,4790781.58747077,13.04825878681,66.20190462548
132,4335235.21425504,4077210.66749731,10.25292293565,59.79525994101
145,4301893.61633353,4003752.93154045,9.666963160645,59.134202622375
132,4263775.10051395,4391648.8374552,8.89001444678,62.62291160937
132,4286445.7590689,4386905.29659379,9.33065811109,62.58274849449
132,4083043.40601197,4324611.52417686,5.47980841257,61.95413793589
132,4345678.73109705,4079383.78252717,10.43872504244,59.81435590637
132,4483058.3594345,4803474.22666657,13.58535836547,66.30626655437
132,4485538.48821249,4810119.0339246,13.6485860850867,66.3650764828033
132,4484945.45080337,4808650.72912711,13.63359335534,66.35210435655
132,4481674.98720644,4805215.19501039,13.55697016856,66.32262382881
132,4074703.7759142,4150559.26766701,5.54319421967,60.385832460355
132,4077371.70542933,4155247.19409461,5.585760735715,60.429432739045
132,4077529.4843535,4156515.19391838,5.587099509555,60.44090825351
300,4312592.53810097,4275628.27615445,9.84229506373,61.58159542488
275,4102334.56655338,4209061.10452838,5.97838986478,60.92624158149
132,4452379.44301416,4770646.12310003,12.87464130479,66.022787066925
132,4451246.23087551,4770913.61986219,12.8501382616267,66.0256236050333
132,4450183.84762558,4770668.67443355,12.82667871562,66.023803960245
132,4295083.19908499,4143493.24617736,9.53131153936,60.39121860418
132,4334824.54856956,4116915.70768449,10.24823099508,60.1525702666
132,4503370.72735458,4777602.9301855,13.99771639672,66.06280525046
132,4205792.88316805,4379776.29241915,7.77372611159,62.50355238449
132,4209506.1065188,4010841.14973386,8.05350435116,59.18464517731
132,4197060.82305638,4013395.39239775,7.83493178669,59.20437625828
132,4207096.89275697,4275499.51966201,7.86416837891,61.56499511872
132,4166988.90484195,4055460.64519856,7.28052435327,59.57326310568
132,4161742.9949436,4036036.63384632,7.2021853091,59.3968311015
132,4645022.51282063,5014949.36631136,17.71939315601,68.09360163711
132,4380552.15368423,4458724.27114828,11.17857165769,63.2271348041867
132,4373589.41400895,4457157.58281155,11.04030230564,63.21400313072
132,4369397.49503184,4454702.3210688,10.95667788827,63.1924057629
145,4427959.89080255,4429933.97357789,12.09804148688,62.9576762226
145,4414187.6781842,4433920.26386638,11.830220037125,62.997067187455
132,4254148.0518415,4240318.73340601,8.75853655482,61.25839964712
132,5094537.8046587,5253346.92955282,29.78520867396,69.39990165016
132,5092471.56882647,5254273.41692674,29.7428163884567,69.4132095349067
132,4682153.06869142,5082202.08877558,18.82059570276,68.65749549672
132,4352961.07344041,4050543.79987716,10.56389389745,59.55440895138
132,4569215.61893039,4935808.10882275,15.75081604561,67.44779749154
132,4562831.38087005,4925793.25962104,15.58298075037,67.36224432532
132,4165467.00681563,4370632.13661072,7.003359530385,62.407729264455
132,5093431.74481293,5283877.5507807,30.00502059451,69.66590957163
132,4592611.38123448,4900584.25604259,16.20939937836,67.1121903612
132,4187538.2960956,4347202.55232948,7.44571876035,62.20464216738
132,4595233.70898398,5009129.00799828,16.52696548622,68.08765921605
132,4179731.06367463,3990725.33710887,7.54674806297,58.99551791317
132,4315199.13084569,4468662.26878789,9.88483885889,63.32121057066
300,4063092.31261292,4100653.71594558,5.39552834241,59.93110386443
132,4316820.95307477,4089207.69962927,9.92551300014,59.9034215672
132,5092017.76337984,5249631.81851658,29.69499989757,69.37433672177
132,4432815.64095698,4720525.17729964,12.4055365627,65.57698078603
132,4232394.12310726,4013885.45604934,8.45173526571,59.21707864617
132,4095499.98179451,3995331.46198356,6.08176068433,59.00300260558
132,4306645.94645398,4502538.19716492,9.7120616849,63.62648896189
132,4193414.22909158,4233497.398462,7.63584119167,61.18304357864
132,4139678.34086682,4272921.0568799,6.60406310086,61.51800147775
132,4218652.08000386,3979617.44847053,8.22734960624,58.9060434732
132,4096629.82808807,3982187.64147479,6.11440902091,58.88554109755
132,4601206.84571117,5007118.49148495,16.66310285134,68.06438903908
132,4249015.30211693,4128889.7972671,8.70343951514,60.25462785815
132,4544023.80236976,5073273.40651104,15.44755690492,68.70648181486
132,4186707.89249277,3989091.61155382,7.66879278834,58.98294091382
132,4126138.26696709,4174528.27120703,6.44916100451,60.62734325449
132,4535764.20186876,5045960.61914594,15.19093109387,68.46560363021
132,4524093.37806163,5042520.3491234,14.90333369573,68.44226199562
132,4523946.91240941,5041206.25412951,14.89731326187,68.43048489981
132,4522703.94916598,5041261.86353422,14.86753079268,68.43178384505
132,4669313.63131339,5195412.23731046,18.90757028753,69.68897648965
132,4521033.30886234,5048533.56423012,14.84101251933,68.4985456496333
350,4263741.57405223,3783653.43373504,9.05497482925,57.1519977062933
420,4351424.70756706,4029702.04580058,10.5338832615208,59.3670141378483
