DSO,cluster,x,y,lon,lat
54,1,4371350.13746426,4061435.53540165,10.8908442,59.6507055
116,1,4366679.56153943,4091619.27747756,10.8146741,59.9227826
116,1,4373271.57253122,4092586.49947392,10.9324661,59.9307553
147,1,4343037.75494473,4476837.27940899,10.43859,63.39435
147,1,4341941.28522827,4469242.60928144,10.4158036,63.325927
175,1,4667151.67239329,5122269.74646543,18.5934433,69.034406
46,1,4352456.02103999,4052468.70721408,10.5552629,59.5717628
62,1,4335346.44015343,4077170.28515068,10.2548964,59.794893
116,1,4371642.41451562,4098991.70057311,10.9049445,59.9885785
50,1,4336446.9540343,4051730.81956929,10.2726218,59.5659632
58,1,4312248.08117817,4068855.2953009,9.8448425,59.7202209
31,1,4377063.66056679,4016351.73764102,10.9803503,59.2444644
112,1,4081864.00777485,4093425.45749915,5.7379935,59.8767554
101,1,4188069.46563198,4189830.90445096,7.5664399,60.7885243
51,1,4346895.3663344,4072553.59231791,10.4595248,59.7528297
40,1,4073822.40888522,3985613.90926658,5.7165938,58.904538
40,1,4070400.25230714,3992262.0297891,5.6500646,58.9623423
116,1,4349109.32941713,4088657.91021785,10.5009374,59.8976013
58,1,4313137.98989359,4068612.87889801,9.860628,59.7180563
62,1,4337757.35725045,4081091.75990787,10.2980396,59.8300943
62,1,4333223.36944855,4085072.47856944,10.2176294,59.866062
50,1,4341588.58111646,4018369.08388085,10.3602269,59.2656192
50,1,4337985.02160656,4019754.63996391,10.2972847,59.2782334
50,1,4333362.43883101,4052784.51534597,10.218244,59.5755393
50,1,4342855.35599349,4025419.36205148,10.3830888,59.3289838
40,1,4072429.82157276,3983384.49009093,5.6949642,58.8837729
87,1,4395082.81060141,4164073.59443295,11.3470906,60.570893
116,1,4346713.2115494,4075192.95424698,10.4566099,59.7765886
116,1,4377990.27378265,4192372.97280579,11.0443869,60.8282052
116,1,4375078.25083085,4192113.2661365,10.9909585,60.8262445
116,1,4367068.66199914,4087960.63542509,10.8208169,59.8898223
40,1,4074166.25455768,3975599.335776,5.7334202,58.8148374
40,1,4071875.31896734,3988147.29129373,5.6801448,58.9262188
40,1,4073600.67960289,3978868.10270408,5.7201144,58.843871
40,1,4073845.08717116,3989740.54277553,5.7124771,58.9415895
50,1,4300549.35312736,4008080.8585077,9.6431349,59.1730757
116,1,4381056.18392466,4021639.49781244,11.0515916,59.2915144
116,1,4370488.370689,4094012.72086252,10.8831562,59.9439086
62,1,4321914.45544316,4071513.55682255,10.0162232,59.7442246
175,1,4672810.45971643,5190149.42502094,18.9763571,69.6375839
114,1,4173706.03219339,4260351.31344881,7.2503945,61.4182584
50,1,4305163.71594469,3990581.53432355,9.7248938,59.0158489
50,1,4302231.22708681,4001638.80906237,9.6730256,59.1151994
50,1,4302545.43176068,4000927.47533165,9.6785581,59.1088136
50,1,4296255.49724874,3998445.14188787,9.5692769,59.0861854
23,1,4300395.34737569,4001815.50082739,9.6410266,59.1167092
50,1,4301363.22404742,4008352.54932433,9.6573128,59.1755557
50,1,4321584.27680681,4001727.02787437,10.0101791,59.1163805
50,1,4298333.94159205,4008565.52092997,9.6044272,59.1773301
50,1,4299320.83066679,4012886.69169689,9.6212286,59.2162499
50,1,4294524.19729198,4012616.02391104,9.5374578,59.2135599
50,1,4296772.70265474,4013405.14642716,9.5766529,59.2207845
171,1,4629720.27616934,5052202.66997256,17.4639393,68.4438756
171,1,4630641.11341253,5053249.92222853,17.4890566,68.4523956
171,1,4640121.11937104,5051779.75487771,17.7119404,68.4297232
50,1,4321988.50814029,3989320.9094008,10.0171668,59.0047837
96,1,4265134.52923936,4177798.64592627,8.980304,60.6971647
80,1,4353040.36463072,4132088.73539941,10.5776466,60.2881691
116,1,4344601.59819426,4080856.37313933,10.41974,59.8276649
50,1,4324149.31459375,3996603.41526825,10.0547943,59.0702812
50,1,4324199.0334637,3993494.47214741,10.055615,59.0423152
50,1,4322134.88443003,3995234.22856345,10.0197387,59.0579745
52,1,4302224.32748326,4057620.99092585,9.6681195,59.6188307
116,1,4365213.24853761,4069987.63942989,10.7840332,59.7282993
62,1,4327355.4444065,4071800.66472736,10.1127593,59.7467635
50,1,4293301.52160703,4015727.59185005,9.5157091,59.2414772
53,1,4203806.10412201,3898127.69019946,8.0115008,58.1699443
53,1,4204771.18372884,3905431.13868102,8.024289,58.2358312
116,1,4352280.31121958,4091901.17743989,10.5579247,59.9265723
116,1,4380576.77375676,4148590.64480851,11.078825,60.4337876
116,1,4362969.79597144,4046438.64652678,10.7396747,59.5166505
116,1,4367283.40674792,4053066.00658085,10.8171049,59.5758481
116,1,4357733.30069108,4053132.12397344,10.6485254,59.5773292
71,1,4055401.07402989,4039658.4174433,5.3338396,59.3791554
163,1,4558932.94122345,4896340.3669109,15.4346698,67.0995327
171,1,4586608.66796679,5086464.58179405,16.5154517,68.7920475
171,1,4583273.72600989,5088038.91342818,16.4381604,68.8090816
84,1,4334142.16760677,4120256.55091127,10.2361895,60.1826576
84,1,4338502.06092613,4115177.56454363,10.3141169,60.1367966
84,1,4332845.45915956,4118251.4268701,10.2127711,60.1646491
84,1,4332520.89215938,4118710.32893455,10.2069666,60.1687877
171,1,4587268.67441342,5077988.39099212,16.5097541,68.7150607
171,1,4587333.6900541,5083902.52393845,16.5265198,68.7683262
171,1,4591869.74224474,5068924.18658047,16.5979981,68.6293902
116,1,4414111.47226066,4128214.82421456,11.6766583,60.2445672
50,1,4344062.50111745,4023601.84319763,10.4040574,59.3125732
50,1,4345608.14540919,4020353.85928081,10.4307744,59.2832729
50,1,4343103.84090377,4018406.55484098,10.3867418,59.2658847
50,1,4330369.67672853,4000852.1036627,10.1631988,59.1084139
50,1,4337233.23167098,4014199.48786803,10.283719,59.2282876
50,1,4332410.73966754,4004637.89825019,10.1989429,59.1424221
50,1,4335365.40463991,4004885.60463014,10.2504722,59.1445664
50,1,4331579.50614357,4003249.3746687,10.1843848,59.1299518
50,1,4333700.2266,4006729.52250751,10.2215438,59.1612031
11,1,4089353.54925085,3938941.2394169,6.0322613,58.4936721
40,1,4074685.11771177,3977057.20411842,5.740791,58.8282017
11,1,4083398.36526859,3949991.51271418,5.9191561,58.589845
53,1,4197657.14657689,3908437.72489619,7.9018596,58.2610294
53,1,4267738.4647135,3961588.15516486,9.0816003,58.7522518
12,1,4283161.87454729,3977896.94215501,9.3448216,58.900462
116,1,4386947.23686733,4024152.43962285,11.1554788,59.3132956
175,1,4662266.23180479,5187192.42003751,18.6998429,69.6232935
175,1,4668142.82314039,5196353.28123602,18.8814478,69.6988028
157,1,4468130.8626372,4752346.26705023,13.1986701,65.8513804
157,1,4472277.7264103,4752628.29352973,13.2890025,65.852179
157,1,4493651.0637466,4775711.47939449,13.7826385,66.0506548
175,1,4677184.49546483,5168854.51053844,19.0074889,69.4411735
175,1,4675097.60466432,5180022.73706969,18.9964101,69.5439312
111,1,4162289.02486522,4225936.27344063,7.065874,61.104513
111,1,4161578.38183663,4234410.89003031,7.0457944,61.1804768
111,1,4156111.93361072,4230131.2956876,6.9482598,61.1398914
101,1,4173988.8424518,4198686.36998878,7.3023492,60.8635902
163,1,4503628.55901291,4878104.68102258,14.1477159,66.9695838
53,1,4113149.42514417,3375447.97180621,6.870934,53.4465193
116,1,4384189.05871266,4100907.326434,11.1296855,60.0041961
111,1,4151129.31912653,4229728.1278617,6.8565148,61.1342994
62,1,4339969.61912216,4078369.13205234,10.337143,59.8055068
111,1,4160121.97656481,4235303.71080184,7.0180963,61.1879572
71,1,4063498.85296365,4037406.47838745,5.4783609,59.3636504
71,1,4118324.91101019,4068255.24213517,6.4104946,59.6688109
71,1,4071985.69146781,4044210.81288718,5.6192762,59.429503
40,1,4073807.82702388,3983709.26362246,5.7184193,58.8874348
175,1,4706272.5464263,5190756.00579293,19.8206395,69.6016132
53,1,4200522.19106936,3894499.34505348,7.957647,58.1364989
174,1,4835439.66011371,5252081.59157931,23.3728985,69.9517288
174,1,4790366.5185572,5217522.9949937,22.0540536,69.71983
174,1,4857401.33512282,5230321.94939861,23.8020542,69.7196525
142,1,4277844.41423828,4468343.24172909,9.1433844,63.3160012
130,1,4271149.8538616,4434110.90590702,9.0207179,63.0065992
53,1,4200633.87110901,3896394.95224841,7.9585809,58.1535652
71,1,4063019.75420136,4084620.04076138,5.4137134,59.78714
170,1,4542244.79328862,5073296.19926016,15.4043426,68.707956
175,1,4676247.97918811,5179415.78014615,19.0230283,69.5371162
170,1,4559370.05394357,5058803.60938267,15.787662,68.5645353
180,1,4885709.26652781,5292090.36822831,24.8870534,70.2123959
175,1,4688988.0644024,5142369.8848967,19.2028055,69.1893253
157,1,4509011.44206497,4808307.12032492,14.1652218,66.3367945
127,1,4245029.21689892,4396615.7697517,8.524329,62.6645629
127,1,4243742.76770405,4399379.35271555,8.4981183,62.6892191
50,1,4290964.98025385,3996946.69569713,9.4773898,59.072388
50,1,4290925.61705131,4003197.9728049,9.4758641,59.1286163
50,1,4289976.4432503,4014650.22929186,9.4577251,59.2315698
50,1,4295879.56020568,4014979.98343305,9.5608681,59.2349025
50,1,4294829.83841122,4019137.7979689,9.5420267,59.2722456
112,1,4069972.9462171,4151765.85934605,5.4563411,60.3939638
86,1,4098569.49311469,4145844.8162639,5.9791911,60.3563326
174,1,4831794.22231201,5252995.5188262,23.2857666,69.9662269
161,1,4481011.9946572,4855437.49840612,13.6056903,66.7763577
116,1,4343878.07551754,4226517.94860261,10.42326,61.1388013
50,1,4343147.82676981,4034254.02906764,10.3891062,59.4084483
50,1,4338742.88138888,4041199.10439168,10.3122824,59.4711255
148,1,4395663.79993678,4517349.30066797,11.5043936,63.7531162
148,1,4400643.67752208,4547945.79477964,11.6201113,64.0280482
116,1,4387322.19932922,4049735.22708071,11.1698046,59.5433631
161,1,4495285.46710621,4860786.96530537,13.9341436,66.8176437
161,1,4490686.91811845,4860274.43442801,13.8298639,66.8153437
161,1,4494949.41314092,4851003.65575418,13.9128896,66.7294968
161,1,4480928.91087741,4853282.66516467,13.6010521,66.7569383
116,1,4401908.09221733,4003092.53685663,11.4098697,59.1214535
171,1,4637364.90956783,5021391.46419228,17.5570642,68.1591857
171,1,4628642.77557751,5025439.46935828,17.3618048,68.2041206
116,1,4383910.77486114,4026121.8283877,11.1028472,59.3314438
40,1,4128287.02997373,3998643.8202559,6.6477189,59.0478098
112,1,4039952.40558326,4171082.60506583,4.8880725,60.5489556
149,1,4452574.27730046,4680001.38596836,12.792087,65.2045893
148,1,4406891.81580749,4597937.52378676,11.77511,64.4776368
71,1,4116382.61425044,4065637.16292867,6.3786418,59.6444035
100,1,4300619.67819373,4194319.47909606,9.6262926,60.8490317
100,1,4300093.11693488,4194390.64272533,9.6166299,60.849647
40,1,4095162.23922381,3980530.51215522,6.0906932,58.8699399
40,1,4129391.21389652,4000059.40880522,6.6656891,59.0609933
53,1,4170975.82153589,4022242.98524321,7.3736393,59.2760131
40,1,4126985.19148839,3999360.70894503,6.6244865,59.0536966
40,1,4096929.06621102,3981890.81397612,6.1198743,58.8830226
40,1,4108329.69709501,3996291.68284619,6.3033718,59.0177959
112,1,4043486.53252789,4158627.79255439,4.9691423,60.4394619
35,1,4261388.64478692,4015818.52807761,8.9577654,59.2392145
53,1,4138662.89378199,3912335.20068469,6.8963604,58.2767183
147,1,4354539.05462825,4477235.99503085,10.6675557,63.3971276
53,1,4112785.18979853,3915726.63427326,6.4535579,58.2963368
53,1,4124677.17700956,3911491.18289002,6.6593339,58.26346
53,1,4123975.97552525,3911306.62933618,6.6475732,58.2615069
53,1,4167677.05287266,3909599.52084368,7.391527,58.2625809
53,1,4128528.79633505,3954068.87989978,6.6896546,58.6474965
53,1,4137168.01185717,3979694.46847725,6.8174377,58.8812379
53,1,4153326.19886642,3995078.58964512,7.0854262,59.0256894
53,1,4153082.55066563,3984446.36529975,7.089116,58.9300573
53,1,4142894.21445535,4006658.02887148,6.8951042,59.1257731
53,1,4130263.04839733,3954557.70787564,6.7190359,58.6526085
53,1,4132287.67621535,3956467.63998935,6.752249,58.6705989
40,1,4107472.77621882,3993826.69910138,6.290843,58.9952576
147,1,4383744.21573595,4452221.97630452,11.2392859,63.1680222
147,1,4373287.14082333,4457453.44393431,11.0344166,63.2167107
147,1,4414187.53406602,4433919.34045075,11.8302167,62.9970589
147,1,4406848.56552777,4437182.20639287,11.6877928,63.0281202
147,1,4427957.78259653,4429932.13228762,12.097999,62.9576602
147,1,4383483.59891902,4451819.85931887,11.2339892,63.1644387
147,1,4369157.57755731,4454758.07336772,10.9519521,63.1929378
147,1,4413856.0557313,4432960.46941329,11.823184,62.9884958
148,1,4417072.04395,4477524.2398128,11.9119442,63.389358
148,1,4411222.71609263,4480632.51726957,11.7972976,63.4187707
40,1,4127319.07381274,4029825.47554557,6.6037348,59.327528
71,1,4131304.26904813,4052011.62148677,6.6542705,59.5285648
112,1,4097033.21625501,4091051.79527617,6.0102667,59.8633697
67,1,4209372.73893265,4040041.12693039,8.0363869,59.4471844
53,1,4181595.46083636,4004258.72906211,7.5706865,59.1177451
53,1,4188166.46601099,3990244.64524172,7.693415,58.9937333
53,1,4148280.64252347,3966577.30798075,7.0195439,58.7677093
53,1,4193402.07105931,3944347.37332586,7.8099268,58.5826468
53,1,4186743.79421853,3989093.24837545,7.6694146,58.9829662
77,1,4133189.8473968,4119168.252499,6.6282046,60.1328653
77,1,4145683.74131377,4085106.18182396,6.880565,59.8318627
77,1,4129172.99242269,4118122.9421619,6.5571625,60.1217344
53,1,4218627.26094847,3979704.66314721,8.2268805,58.9068221
53,1,4239462.00611773,3977054.29760291,8.5885915,58.88718
67,1,4211704.70893328,4014492.32690281,8.090073,59.2180122
53,1,4236821.52594575,3959394.73441348,8.5494178,58.7279041
67,1,4199439.93768793,4060088.39281382,7.8505389,59.6248759
67,1,4206671.88176018,4043265.99947319,7.9872121,59.4755048
96,1,4242387.89247599,4149332.73446772,8.5762761,60.4374397
96,1,4233610.69907964,4164699.17505967,8.4107545,60.5740394
79,1,4249014.7178411,4128889.77926709,8.703429,60.2546276
81,1,4268441.25344812,4127502.80858419,9.0536356,60.2449126
81,1,4263395.04060498,4129996.60024347,8.9620917,60.2667187
72,1,4228073.11119806,4081542.5682559,8.3473302,59.824733
72,1,4246790.37726705,4087586.40363313,8.678013,59.8826326
70,1,4192915.61326921,4076893.43688065,7.7252264,59.7741683
67,1,4203928.85379041,4041912.77303803,7.9396729,59.4626289
53,1,4215081.07603342,3939783.69527015,8.1839343,58.5470998
53,1,4224412.25633727,3915952.39973995,8.353722,58.3348922
53,1,4229796.61401991,3932578.72872145,8.4389859,58.4854579
53,1,4246226.58650756,3944564.50404404,8.7162685,58.5961744
53,1,4246318.35045495,3943390.81130593,8.7182226,58.5856355
12,1,4278234.9500944,3980580.48607282,9.2590093,58.9241639
53,1,4198178.11865097,3919066.44285427,7.9051751,58.3566999
53,1,4197693.83325862,3922815.80007929,7.8949491,58.3902723
53,1,4201663.35243671,3912723.04512225,7.9678041,58.3005894
147,1,4306140.44264147,4424649.7957201,9.7089015,62.924164
130,1,4271392.60192307,4434554.2726468,9.025356,63.0106262
142,1,4311158.41604155,4460355.35631566,9.8051146,63.2462272
147,1,4334506.31264518,4391321.29695372,10.2619761,62.6238032
147,1,4321648.4101147,4411104.97125969,10.0126511,62.802345
122,1,4381414.26075586,4378602.83902321,11.1673353,62.5048895
122,1,4374112.84840999,4368712.2292705,11.0232997,62.4167951
122,1,4380096.23368599,4377211.80942435,11.1414054,62.4925505
122,1,4353241.94671334,4342931.72785201,10.6165611,62.1867012
123,1,4393677.8032937,4385306.16711917,11.4070119,62.5632669
58,1,4310751.07019632,4069669.04667539,9.8182641,59.7275109
52,1,4301796.20687577,4068468.46977316,9.6595842,59.7164122
61,1,4275920.10381381,4062064.68871675,9.2022622,59.6569295
67,1,4234454.44769993,4045332.80332223,8.4753406,59.5003133
67,1,4217553.84487985,4043189.33414113,8.1787419,59.4774559
117,1,4272399.29745543,4309257.43246495,9.0796307,61.8817364
148,1,4371399.96691115,4483172.64817959,11.0049381,63.4488465
147,1,4360585.40016237,4476876.66046518,10.787805,63.3933218
71,1,4066510.68344398,4076034.46645044,5.4858181,59.7120859
71,1,4128520.1148191,4055424.58592924,6.6022119,59.5580426
112,1,4116562.9811368,4119902.78412637,6.3294881,60.1320387
112,1,4100606.29068493,4091746.63880432,6.0730657,59.8714031
40,1,4097110.08381483,3983511.34512238,6.1214024,58.897662
40,1,4094855.73682427,3997595.94829965,6.0683115,59.0230161
116,1,4306335.62316997,4255355.02552001,9.7264999,61.3988401
113,1,4310544.81754442,4275157.45586222,9.8039108,61.5773087
113,1,4319288.73675841,4255642.09210468,9.9680811,61.4016776
116,1,4351827.11204048,4189807.73530845,10.5645597,60.8077909
116,1,4351847.07801588,4189296.14860333,10.564846,60.803184
80,1,4356412.25468886,4134718.96155015,10.6388863,60.3115804
130,1,4251328.03002726,4416941.43173987,8.6384374,62.8488708
122,1,4373085.88819262,4317282.9376114,10.9886375,61.9536014
116,1,4344012.40532465,4080421.53922112,10.4092148,59.8237832
50,1,4326918.35742334,4052947.75696232,10.1044862,59.5771397
62,1,4330376.07015611,4073143.55874292,10.1664104,59.7587933
53,1,4178118.34411518,4004936.47911248,7.5097076,59.1227564
53,1,4210311.41467936,3953504.20837881,8.0956176,58.6693291
50,1,4344139.94752747,4004634.36774958,10.4034346,59.1419437
50,1,4343869.5857105,4013068.6226651,10.3995883,59.2178279
116,1,4358820.46612661,4029577.82414217,10.6636336,59.3653363
50,1,4344472.31166993,4030906.86608951,10.4120167,59.378269
50,1,4347395.79162912,4018634.62158996,10.4618616,59.267706
50,1,4346970.60524851,4016469.11919029,10.4541679,59.2482503
50,1,4346458.731132,4016142.1179137,10.445179,59.2453378
50,1,4339647.73371276,4042072.86763792,10.3282827,59.4789498
50,1,4301863.12121416,4003602.75057695,9.6664445,59.1328504
127,1,4249527.06327124,4416234.8063153,8.6035461,62.8421841
127,1,4243914.81144736,4406068.05560118,8.4984816,62.7495233
127,1,4242736.85848422,4402298.22755376,8.4772509,62.7153253
171,1,4646639.68419557,4918951.10555981,17.4851214,67.2291643
50,1,4342780.82892071,4013956.6691624,10.3806526,59.2258702
116,1,4367476.39235243,4092056.37111217,10.82898,59.9266325
116,1,4389120.34739384,4143689.96428217,11.2318715,60.3884305
116,1,4390282.07109186,4193398.2087046,11.2699563,60.8356238
84,1,4329206.82988428,4127570.49303845,10.1477821,60.2486024
127,1,4248344.50054428,4372514.69825994,8.5987061,62.4480215
84,1,4316789.9579062,4123316.34886426,9.9242753,60.210372
84,1,4331339.91515029,4119398.22782938,10.1857853,60.175008
89,1,4174113.73497917,4171607.60560945,7.3245474,60.6200672
116,1,4368836.69149976,4172549.9201439,10.8719145,60.6508862
116,1,4367260.6579697,4191119.93728292,10.8474884,60.8182171
100,1,4327423.97863485,4191145.56353112,10.1176927,60.8208941
50,1,4341662.84746339,4024929.75850866,10.3621405,59.3246355
113,1,4284230.34539969,4264820.1970675,9.3124098,61.4827255
111,1,4160604.14701822,4238776.57657865,7.0241418,61.2193794
111,1,4138488.08915923,4239785.2035985,6.6134584,61.219487
111,1,4134329.45548087,4240242.92007905,6.5359747,61.2217881
182,1,4946958.68067693,5329049.93763961,26.6982767,70.4103425
101,1,4177107.70679614,4192746.55856156,7.3638334,60.8112182
130,1,4271101.09350709,4433660.13711279,9.019893,63.0025298
116,1,4383144.97801017,4053602.26568697,11.0972465,59.5787498
116,1,4361476.39717026,4095444.6816069,10.7226178,59.9577111
50,1,4297479.12256592,4010294.83185089,9.5893261,59.1928426
50,1,4324467.0870686,3994116.3227968,10.0602847,59.0479069
50,1,4328798.94659963,3995103.41876926,10.13564,59.0567324
46,1,4353406.01710393,4061796.25762379,10.5734309,59.6556151
116,1,4428681.20469755,4169181.56110099,11.9604899,60.609795
116,1,4416869.28803463,4178664.64111735,11.7500523,60.697913
116,1,4409382.40160475,4198134.58540286,11.622072,60.8747398
116,1,4430958.47860676,4123168.12059571,11.9771993,60.1952579
116,1,4407821.4231623,4198004.74629278,11.5933764,60.8738906
10,1,4069277.80137653,3956754.84526154,5.6698278,58.6430587
116,1,4358689.09586268,4189138.35925309,10.6900942,60.8012173
116,1,4373017.5700993,4191229.59683834,10.9529708,60.8185448
100,1,4342279.60818388,4182573.08664138,10.3889412,60.7432417
84,1,4335136.23549624,4116719.23837459,10.2538142,60.1507922
116,1,4348213.44522229,4088745.74968494,10.4849836,59.8984477
116,1,4368334.42983596,4092496.62103387,10.8443816,59.9305028
121,1,4081976.31294168,4322016.53290276,5.4629792,61.9302002
121,1,4085782.12161014,4310436.18576068,5.5498184,61.8283149
128,1,4133891.4383048,4359084.9846611,6.4081275,62.290499
112,1,4062742.72198689,4140386.75067563,5.3401484,60.287577
112,1,4038145.99369186,4171465.94609669,4.8547956,60.5512188
179,1,5021964.61825951,5321572.21542577,28.5407928,70.1718609
80,1,4350327.32276901,4143992.6919115,10.5304349,60.3954974
179,1,5094624.47065402,5253319.10129373,29.7870737,69.3994384
112,1,4074679.62985663,4255698.51779469,5.4120125,61.3301039
112,1,4071034.76286247,4252817.19478347,5.3480747,61.3020767
179,1,5068528.89103055,5325675.09466303,29.7361574,70.0908675
32,1,4350310.50577778,4023664.85477118,10.5135281,59.3127774
50,1,4335582.1946324,4051992.63513309,10.2573775,59.5683478
71,1,4063158.16049775,4100623.92835273,5.396737,59.9308749
112,1,4071311.92011011,4096759.62906438,5.546481,59.9008642
112,1,4078128.36343059,4096969.85446068,5.6675157,59.9065466
50,1,4297744.4106431,3993445.44378548,9.5957123,59.0412913
53,1,4246988.02939669,3943636.93072474,8.7296353,58.5879564
53,1,4220842.41697652,3925330.08741551,8.2888941,58.4184424
53,1,4217357.85311778,3916892.21965991,8.2331164,58.3418236
53,1,4223782.48681424,3923632.07390731,8.33981,58.4038019
53,1,4238439.00806291,3919485.90748991,8.5914913,58.3693606
171,1,4568482.08450707,5041499.48586864,15.967466,68.4013831
40,1,4092102.31365325,4006645.96996442,6.0112964,59.1028979
171,1,4630108.84811308,5046163.99501664,17.4558074,68.3891619
171,1,4630294.45606033,5054778.92793182,17.4851811,68.4664933
171,1,4630698.39555172,5048528.40529772,17.4767429,68.4098582
53,1,4125806.98498507,3911371.51915588,6.6786305,58.2628594
116,1,4461015.83632088,4220757.22447781,12.5851165,61.0644926
53,1,4179812.39418981,3990712.63078842,7.5481673,58.9954289
116,1,4404485.29951524,4200557.83101127,11.533248,60.8975333
171,1,4634071.97463332,5067535.19707366,17.6135226,68.5775224
175,1,4652085.94384133,5091947.48359162,18.1248718,68.7784609
98,1,4107891.83300573,4178732.62431678,6.1128543,60.6565034
102,1,4103924.396813,4204728.38273754,6.0123303,60.8881171
50,1,4348315.93495432,4027031.84272406,10.4790014,59.343192
116,1,4367207.33348236,4027189.49862148,10.810284,59.3430694
96,1,4221256.16044098,4170771.90949441,8.1831681,60.6260108
179,1,5020318.33430794,5251476.33839536,27.9697511,69.5664342
179,1,5092025.7163473,5249604.35484216,29.6949735,69.3740794
166,1,4603489.53384137,5007649.57928825,16.7183778,68.0671722
171,1,4634531.39891356,5012469.95788418,17.4645147,68.0817336
166,1,4578260.16977562,4953853.80526767,15.9992199,67.6034984
90,1,4163647.73249792,4158504.04806194,7.144304,60.498543
90,1,4163572.26409221,4159509.55207317,7.1421567,60.5075577
112,1,4079865.95542187,4146805.84551134,5.6407821,60.3550152
112,1,4065105.18086569,4149779.59923364,5.3709626,60.3732958
112,1,4065197.36106846,4144914.69866444,5.3786874,60.329673
116,1,4440217.82898462,4214884.76655078,12.1978135,61.0179869
71,1,4141448.55273982,4065312.74778752,6.8219056,59.65228
71,1,4150590.83485133,4065556.75296732,6.9833344,59.6580592
112,1,4064939.5943746,4150777.45313974,5.3667288,60.3821572
112,1,4063586.24349325,4156427.09507361,5.3351994,60.4320807
112,1,4086458.47307023,4169483.13578293,5.7335681,60.5622997
94,1,4057766.47399312,4157507.63103552,5.228656,60.4382945
112,1,4061479.26575938,4156796.41877705,5.2966592,60.4341432
112,1,4060760.13196964,4157172.39259462,5.2831852,60.4370884
112,1,4061671.45904044,4140513.43118348,5.3207157,60.2880794
112,1,4074843.92777887,4154319.81166195,5.5411984,60.4196807
112,1,4065555.04266523,4159005.24402036,5.3675468,60.4563899
112,1,4062490.94350558,4161865.13373534,5.3085104,60.4802522
112,1,4064156.79343091,4160032.55457081,5.3409675,60.4647884
112,1,4070050.36370027,4155602.4355472,5.4530291,60.4284571
112,1,4091213.47821687,4150886.20758797,5.8408657,60.3977994
112,1,4092535.88129604,4155474.16073817,5.859617,60.4397083
112,1,4089242.08476495,4149510.36556903,5.8068238,60.3843958
86,1,4105415.97832648,4147207.41354143,6.1012676,60.3720164
86,1,4111992.51647978,4153690.54008589,6.2133479,60.4334777
97,1,4050223.92410983,4197898.68246877,5.0381025,60.7962102
94,1,4045054.1488376,4170226.54353963,4.9817204,60.5445554
112,1,4061861.1034781,4176379.55389051,5.2785424,60.6101864
53,1,4137427.35844624,3912893.93644105,6.8749215,58.2812524
50,1,4298473.76290318,4003189.00157917,9.6074109,59.128973
23,1,4299324.30453721,4002485.92415201,9.6223022,59.12269
50,1,4333415.44209843,4001963.55619485,10.2163107,59.1183388
50,1,4318884.95182683,4011304.44160872,9.9630613,59.2025306
50,1,4332229.70311904,4003054.70109625,10.1957069,59.128185
50,1,4324382.39293891,4001492.60055792,10.0589235,59.1142595
94,1,4056115.49827582,4155842.90707076,5.2009816,60.4223476
94,1,4053471.27812069,4161614.17093863,5.1456525,60.472532
113,1,4312573.75228841,4275634.65519617,9.8419424,61.5816525
119,1,4190456.77328819,4346400.05670812,7.5021091,62.1983601
119,1,4177539.08557867,4358731.49530852,7.2453037,62.3050404
119,1,4178041.76123028,4358778.03824947,7.2549087,62.3056363
119,1,4183486.48730984,4354439.91629881,7.3626959,62.2684556
145,1,4210743.94574161,4444978.95394633,7.8275321,63.0923331
50,1,4313119.95087815,4023678.13788463,9.8619367,59.3137802
41,1,4275581.32805694,4022683.5237286,9.2044737,59.3026158
41,1,4276166.15859612,4022165.90027422,9.2148216,59.298018
139,1,4226026.14822243,4411396.96975239,8.1472459,62.7936932
139,1,4167707.07571742,4418741.36256672,7.0041355,62.8417193
139,1,4173266.4138675,4420371.41456681,7.1112509,62.8584953
124,1,4205794.13380393,4379776.99844348,7.7737498,62.5035591
178,1,4831061.9250993,5330728.87779392,23.715038,70.6571075
178,1,4830927.45312628,5333315.57675399,23.7269859,70.6802886
178,1,4842422.2175929,5317034.99985249,23.9285338,70.5150367
178,1,4829694.34399595,5332574.95048558,23.6903268,70.6759497
178,1,4843372.81828608,5316080.54231026,23.9474246,70.5048357
178,1,4844628.37200115,5314453.93369028,23.9701442,70.4881182
178,1,4867153.48621578,5312949.36184335,24.542639,70.4325242
162,1,4556601.56226955,4915219.05797292,15.418756,67.2713846
162,1,4586760.82357147,4900896.86744713,16.0770683,67.1196939
98,1,4125754.06118652,4174768.74969508,6.4419385,60.6293312
86,1,4113796.51365889,4154890.86072765,6.2447512,60.4451277
90,1,4137187.86642107,4160371.71160867,6.6630685,60.5049259
90,1,4140218.79030161,4160412.83179346,6.717976,60.50657
90,1,4156385.99648994,4168718.40791501,7.0043689,60.5876944
90,1,4158521.16205769,4167682.79606282,7.0440119,60.5791895
112,1,4093921.07087408,4152946.89561817,5.8874743,60.417732
98,1,4108225.89335461,4179349.30048775,6.1182824,60.6622098
112,1,4091121.67070399,4171465.05717051,5.815941,60.5826062
112,1,4090318.8492652,4179379.68532732,5.7923028,60.6532764
112,1,4085028.811533,4169534.07506518,5.7075659,60.5619799
112,1,4090183.47142428,4170930.59014058,5.7995152,60.5773053
111,1,4137587.68544715,4222939.04584245,6.6126895,61.0676152
111,1,4134923.57517964,4218176.89880393,6.5680969,61.0236398
111,1,4136311.46228514,4222889.63857113,6.5892032,61.0666186
90,1,4111146.86652757,4133374.38494622,6.2188089,60.250523
112,1,4112432.94751535,4118151.52970643,6.2572235,60.1143616
112,1,4111910.77286808,4120428.00645516,6.2455881,60.1345668
86,1,4108536.27643175,4135110.28834231,6.1700765,60.2648589
112,1,4095414.02166552,4089487.48732881,5.9831446,59.8484984
112,1,4094103.7403982,4088665.86508887,5.9607401,59.8404504
112,1,4102654.92649839,4082264.1461201,6.1192238,59.7872423
112,1,4056722.44656281,4149509.76905593,5.2201219,60.3658671
112,1,4055356.97686175,4149785.7267973,5.1951431,60.3675135
112,1,4051846.09287363,4149753.87772019,5.1318794,60.3650721
112,1,4083316.81920139,4091745.71717582,5.7657062,59.8624543
86,1,4123273.38755498,4152987.32994622,6.4180501,60.432437
86,1,4113298.76623983,4152341.89295499,6.2383407,60.4219851
86,1,4109931.42784157,4149326.90329401,6.180584,60.3932726
89,1,4175545.53584201,4172300.50635398,7.3501021,60.626784
112,1,4052983.86836637,4152465.15226318,5.1488475,60.3901097
112,1,4049612.29221912,4148282.88428755,5.0935511,60.3504836
111,1,4160485.05850678,4237743.83255504,7.022793,61.2100444
114,1,4203472.49709454,4274848.86977956,7.7966559,61.5581349
114,1,4201943.82377673,4274421.46759824,7.7682862,61.5538552
114,1,4198107.40569411,4269189.5238956,7.6998271,61.5056539
114,1,4193783.48104365,4271717.56149626,7.6172563,61.5271158
114,1,4191962.1983608,4272467.2500343,7.5826585,61.5333055
114,1,4173447.11750402,4263127.57879838,7.2434127,61.4431477
114,1,4207193.09764732,4275579.36814941,7.865923,61.5657401
97,1,4049558.867995,4198583.68709512,5.0250211,60.801939
112,1,4048335.18972878,4200210.83083135,5.0004365,60.8157688
112,1,4051762.75361455,4208111.22526456,5.0523457,60.8888562
112,1,4087646.45743006,4213740.62098395,5.7033527,60.9605136
110,1,4193891.98198897,4233323.75975071,7.6448013,61.1816247
110,1,4193407.9484331,4233497.69997628,7.6357247,61.1830444
110,1,4195317.80447261,4233749.71191428,7.6709247,61.1858832
110,1,4202167.09747554,4243533.43977997,7.7917421,61.2759103
110,1,4199925.22263081,4241923.09533467,7.7511227,61.2607809
106,1,4204012.94720253,4247709.64059415,7.823478,61.314012
111,1,4135393.99290529,4239925.43409027,6.5560028,61.2194017
111,1,4138520.95605282,4241972.31697384,6.6119993,61.239169
111,1,4146082.46140678,4239044.50875291,6.7548405,61.2160342
114,1,4173585.62435131,4262413.47566272,7.2465514,61.436771
112,1,4113589.94503278,4243749.00359459,6.1480731,61.2436444
112,1,4107835.89033261,4266560.2766708,6.016029,61.445823
111,1,4132960.32682958,4238829.47839837,6.5119851,61.2084723
112,1,4128035.08907129,4274019.71302735,6.38525,61.5226761
111,1,4136172.01429095,4254069.15386841,6.5568182,61.3469299
111,1,4135117.39859491,4254476.43992834,6.5368076,61.3501283
111,1,4137352.471988,4245225.76089334,6.5872371,61.2679197
107,1,4109121.13964249,4241405.34022755,6.0678247,61.2203621
112,1,4103242.673403,4269560.39449605,5.9269316,61.4704308
112,1,4094135.14582382,4254131.9431555,5.7753405,61.3269531
121,1,4071504.88593991,4287615.30444695,5.3110578,61.6149398
112,1,4093534.55457707,4276249.13428224,5.737742,61.5253876
121,1,4091528.61076307,4308243.7305681,5.6609785,61.8118349
121,1,4099173.31441303,4311145.42236021,5.8016966,61.8420836
121,1,4098556.65253094,4311367.27340819,5.7897863,61.8437468
121,1,4092271.39486863,4308887.68930863,5.6741917,61.8180336
121,1,4080730.24180413,4320088.11894901,5.4419179,61.9121469
121,1,4100365.96771158,4310808.46366514,5.824618,61.8396922
121,1,4079297.26971016,4311922.92672971,5.4255268,61.837939
121,1,4086781.50110052,4310209.21991655,5.5689633,61.8268418
121,1,4071323.57058902,4303443.73297757,5.2864945,61.7570279
121,1,4072648.09917952,4304475.97697642,5.3100443,61.7670965
121,1,4072297.49355024,4304981.40555716,5.3027658,61.7714273
121,1,4065641.13473388,4293786.39017643,5.1927837,61.6668223
112,1,4094411.59983279,4275429.21346674,5.7551193,61.5184947
112,1,4133501.16966474,4279744.95276632,6.4817788,61.5766496
112,1,4133962.02842614,4279335.86720533,6.4908184,61.5731771
121,1,4101020.40841158,4314198.71491405,5.8329302,61.8705177
121,1,4120117.1868603,4319368.42096754,6.1882853,61.9267318
121,1,4120421.09078932,4317015.32392231,6.1966109,61.9057182
121,1,4116843.96607343,4320300.86365658,6.1252643,61.93351
121,1,4131249.22301233,4297745.66603284,6.4213427,61.7375216
121,1,4083202.3556633,4324709.1011215,5.4826927,61.9551066
121,1,4084147.0127257,4322481.93277329,5.5034676,61.935635
128,1,4123288.48122572,4345480.59759221,6.2199593,62.1631186
128,1,4109147.02178259,4352877.18789796,5.9414658,62.2225532
128,1,4108045.38625999,4356409.56302516,5.9162142,62.2537448
128,1,4125229.16719233,4344775.54847123,6.2577574,62.1577102
128,1,4121965.03874221,4338572.76383622,6.2023133,62.1003459
128,1,4120968.3672761,4335591.58464172,6.1866224,62.0730484
128,1,4136335.98319923,4361409.30833244,6.4525688,62.3125276
120,1,4146202.07129846,4367796.94103806,6.6355219,62.3743681
129,1,4154261.49861857,4377318.5080188,6.7814505,62.4634564
120,1,4151791.13669402,4375548.92214967,6.7355311,62.4465042
128,1,4104585.4775533,4357671.86258571,5.8484932,62.2632735
128,1,4111723.11564269,4367036.83987729,5.9741217,62.3512249
128,1,4108960.97501663,4361902.17014389,5.9272179,62.3036162
128,1,4108753.06014517,4362915.42950049,5.9220278,62.31262
128,1,4109850.20666995,4366942.9512594,5.9382847,62.3494114
129,1,4165222.50224309,4371087.89436527,6.9982535,62.411738
129,1,4158666.46496399,4378529.80631065,6.865248,62.4761509
129,1,4159031.75575517,4381125.17703192,6.8699044,62.4996592
129,1,4130589.08775051,4385941.30118258,6.3159639,62.5305926
128,1,4129640.98568845,4384420.11033473,6.2993127,62.5164575
128,1,4127353.49131999,4381886.20160671,6.2579504,62.4925697
128,1,4126594.61940192,4380329.7860879,6.2450328,62.4782028
128,1,4132840.17809484,4379392.79211618,6.3664457,62.4727266
128,1,4127282.27032816,4377914.33584191,6.2609437,62.4568017
119,1,4186444.36778444,4349768.35269514,7.4228793,62.2273835
129,1,4165822.97106332,4369664.65265831,7.011057,62.3991566
129,1,4170256.22655295,4363016.6650304,7.1019919,62.3409826
129,1,4134709.14409344,4393275.02062124,6.3877277,62.5985067
129,1,4173061.8548071,4380881.60962809,7.1409282,62.502847
129,1,4171402.12843386,4388776.23201156,7.1021543,62.5733125
124,1,4205032.32647823,4381794.54013093,7.7577071,62.5215124
124,1,4194895.79163171,4378474.47730851,7.5642465,62.4885749
124,1,4200225.27902888,4400347.94847361,7.6519883,62.6872079
139,1,4200391.7807744,4404340.25227502,7.6524426,62.7232178
139,1,4185262.60491224,4427442.33170907,7.3399622,62.9264458
139,1,4182187.03471677,4411247.07039047,7.2928775,62.7795266
139,1,4196320.73697982,4412967.7774391,7.5670284,62.7996819
139,1,4203319.34636861,4413725.0041223,7.7029777,62.8086253
139,1,4200614.77644788,4404778.19710006,7.6564749,62.7272296
139,1,4176335.80346048,4420257.72298437,7.1712983,62.8585968
139,1,4175962.82291915,4421161.99914408,7.1632469,62.8666048
127,1,4241984.14070223,4379309.04726536,8.4730251,62.5080426
127,1,4263783.87999349,4391641.26277874,8.8901872,62.6228446
127,1,4255692.2355214,4394030.1220834,8.7323713,62.6431385
115,1,4227598.57804137,4312695.30250271,8.2297517,61.9049985
115,1,4209349.63936472,4317257.49930902,7.8812957,61.9415445
113,1,4295973.98835925,4261584.44800389,9.532434,61.4544506
113,1,4314940.55604199,4265610.27514357,9.88666,61.49141
116,1,4331663.50685043,4240767.39026403,10.1980698,61.2675948
116,1,4325683.19890319,4248038.33795784,10.0871658,61.3331794
116,1,4324451.31533714,4247491.73924095,10.0642276,61.328269
116,1,4315498.22491877,4252159.66969196,9.89748,61.3702838
103,1,4217059.42552661,4212890.24771856,8.0847359,61.0040382
103,1,4202810.33365034,4219443.49250686,7.8183749,61.0592963
96,1,4233672.91372651,4164265.83588735,8.4120727,60.5701524
96,1,4264691.99572011,4178715.687162,8.97197,60.7053614
99,1,4246794.42856527,4190384.27857154,8.640942,60.8076722
96,1,4271749.95278559,4164067.36058609,9.1043991,60.5743767
96,1,4269828.60954557,4167631.61568758,9.0685607,60.6062345
96,1,4272644.87008141,4169606.86576423,9.119344,60.6243379
102,1,4102212.82702564,4209066.08247981,5.9761502,60.926224
102,1,4106797.35110581,4204893.15771052,6.0648179,60.8910458
108,1,4269595.64522888,4228864.75247343,9.0484093,61.1574333
108,1,4280248.87694225,4214279.50782271,9.2486531,61.0272731
109,1,4233660.16623131,4233837.20159815,8.3811205,61.1963146
108,1,4261060.21703891,4229484.23335518,8.8902354,61.1618898
108,1,4262781.48437694,4229436.04064472,8.9221135,61.1616958
108,1,4258566.52072754,4236115.99299208,8.8419342,61.2212367
81,1,4265478.0396464,4126864.13161807,9.0004587,60.2387991
79,1,4261252.78029496,4129120.45506211,8.9237523,60.2585468
75,1,4298695.60034089,4124628.66794659,9.5986807,60.2216348
76,1,4285524.05172872,4126254.79656182,9.3614191,60.2354
72,1,4265999.03752363,4076479.06101376,9.0230209,59.7854998
69,1,4283959.000438,4093395.23858212,9.3390696,59.9395711
93,1,4299192.44381234,4193540.0171042,9.6002081,60.8419442
100,1,4339517.09562913,4172048.84068396,10.3374776,60.6486302
93,1,4296843.10215382,4192301.33708084,9.5572901,60.8306669
108,1,4295710.2616386,4195708.70084817,9.5360953,60.8612768
93,1,4296498.10329381,4191862.60316541,9.5510218,60.8266976
108,1,4293463.27286457,4196391.35975446,9.4947839,60.867284
93,1,4292539.00164532,4196577.91840866,9.4778001,60.8689031
108,1,4287368.59838691,4201797.09365509,9.3820506,60.9155148
108,1,4286646.02130864,4201401.42053409,9.3688434,60.9118952
100,1,4324161.64720459,4210428.47937742,10.0582328,60.9945376
100,1,4309024.67841692,4192698.22441194,9.7805089,60.8347532
100,1,4309856.66327878,4192853.99549307,9.7957492,60.836178
84,1,4342075.28612255,4124494.95404096,10.3791909,60.2204923
84,1,4317243.25541392,4125947.81133386,9.9323809,60.2340591
75,1,4300515.03829721,4124913.11709811,9.6313888,60.2242837
84,1,4326398.43004751,4109899.98665807,10.096752,60.089617
84,1,4325356.88900326,4112146.31126917,10.0781321,60.1098441
76,1,4314779.48490801,4088791.71207737,9.8891383,59.8996543
58,1,4314880.71183672,4074014.01758444,9.8913673,59.7666824
76,1,4317392.03025944,4093828.25671183,9.935613,59.9450053
76,1,4317952.09845492,4093339.30711738,9.9456149,59.9406096
76,1,4319833.4607916,4096144.51833546,9.9791694,59.965862
72,1,4242224.95849293,4087052.32276913,8.5969024,59.8770391
61,1,4272565.30751949,4065330.04540042,9.1421659,59.6859557
61,1,4259907.33957509,4051301.3127088,8.9219794,59.5581955
61,1,4269633.36090214,4049392.01729328,9.0940334,59.542241
61,1,4274505.71308113,4061856.712027,9.1772801,59.6549132
41,1,4283053.85712884,4035213.38183347,9.3331861,59.4160233
61,1,4280909.84007029,4055045.11947439,9.2918587,59.5942516
61,1,4279856.28898805,4054979.09845361,9.2732629,59.5935619
61,1,4278984.80175675,4053699.19923451,9.2581191,59.581966
43,1,4279225.14121231,4051600.11019398,9.2627674,59.5631038
43,1,4279187.27053978,4052223.68341458,9.2619788,59.5687103
59,1,4251192.04286645,4049122.56031673,8.7689218,59.537322
59,1,4248108.117432,4056627.31997466,8.7120225,59.6043394
59,1,4262599.02385863,4058599.0929343,8.9674991,59.6242068
70,1,4214891.09033889,4077673.39930627,8.1149214,59.7869751
70,1,4225069.89271231,4078217.96711215,8.2954355,59.7941886
72,1,4236405.15912319,4086494.02786447,8.4934958,59.8709432
71,1,4133079.91570556,4053408.02249986,6.6843344,59.5418607
67,1,4202069.12606162,4051164.78373412,7.9019058,59.5453372
67,1,4209814.70765635,4029782.43771481,8.0493629,59.3550424
67,1,4190791.88872394,4029000.81645937,7.7162996,59.342919
67,1,4199942.31250146,4031263.83731003,7.8754431,59.3658181
53,1,4183791.99222918,4032020.30014003,7.5917351,59.3679884
53,1,4164204.85717172,4030308.35873686,7.2494829,59.3462073
35,1,4243876.95564789,4022555.2323587,8.6493087,59.2971579
67,1,4236022.64560681,4027614.99000136,8.5098392,59.3412545
67,1,4227597.92493378,4030497.4097053,8.3609283,59.3655106
67,1,4218918.32304525,4031742.75434384,8.208096,59.3748264
67,1,4225913.10051627,4044568.38976446,8.3252556,59.4917083
50,1,4286317.84014789,4031485.65447269,9.3911299,59.3827518
41,1,4274031.76325592,4031214.14612263,9.1755138,59.3791951
35,1,4270866.55506539,4012846.5372896,9.1241294,59.2136313
35,1,4252436.5854616,4019227.41591359,8.8002205,59.268607
50,1,4280610.15047897,4012221.10051197,9.2944591,59.2089797
50,1,4288851.56828443,4013877.11734409,9.4381758,59.2245367
50,1,4288106.29186172,4013250.34447281,9.4252449,59.218845
50,1,4288320.01804597,4017818.57509182,9.4283053,59.2599543
50,1,4296537.19136024,4021257.53858953,9.5716696,59.2914102
50,1,4297048.97702308,4021775.26838946,9.5805743,59.2960951
35,1,4267609.08934731,4004795.37156014,9.0691575,59.1408404
50,1,4292170.72281581,4003055.96457896,9.4975814,59.1274197
50,1,4292117.80430458,4006641.69456898,9.4961947,59.159671
50,1,4299308.42918602,4005647.75503041,9.6217181,59.1511311
50,1,4294204.28642062,4011803.34872945,9.5319671,59.2062306
112,1,4089344.2682474,4188008.06760719,5.7645979,60.7302644
67,1,4232031.97782734,4009996.65719511,8.4469669,59.1820347
35,1,4267115.4170275,4000610.57884225,9.0615615,59.1031417
35,1,4266927.73425489,4004800.71875493,9.0572785,59.1408078
67,1,4200220.30896828,4010110.40611354,7.891877,59.1756946
67,1,4200822.80430537,4010338.6115872,7.9022638,59.1779066
50,1,4288960.7066606,3988521.99035413,9.4437186,58.9964724
12,1,4281710.83043857,3981176.09281868,9.3191287,58.9298331
50,1,4302604.4369757,3995319.34420355,9.6800467,59.0583696
12,1,4284286.04223844,3986200.13683931,9.3629372,58.9752358
12,1,4282918.71061343,3980852.13324715,9.3401143,58.9270216
12,1,4282202.43228441,3980608.43116197,9.3277449,58.9247694
12,1,4286453.53699381,3974677.5800046,9.4023053,58.8717668
53,1,4273653.04678877,3973613.73223458,9.1810801,58.8610534
53,1,4265742.72542193,3958948.2133451,9.0478283,58.7282746
53,1,4255558.61900033,3946894.94983229,8.8757954,58.6185478
53,1,4224920.63705816,3927095.03153395,8.3578169,58.4351717
53,1,4239576.66741466,3936562.91645615,8.6049396,58.5231032
53,1,4242347.65174517,3952315.65101955,8.6470462,58.6652271
53,1,4241159.03648705,3956597.0101268,8.6251178,58.7035205
53,1,4235631.1709788,3968483.23440785,8.5255167,58.8094081
53,1,4233130.83724849,3962737.51963799,8.4845547,58.757271
53,1,4242017.69622323,3952070.7381406,8.6414558,58.6629684
53,1,4235052.37377929,3917022.3100387,8.5346319,58.3465976
53,1,4244911.74694021,3927776.08349706,8.6991978,58.4450042
53,1,4244289.08602856,3928446.68669103,8.6883348,58.4509313
53,1,4250944.72358938,3933403.23682094,8.8006263,58.4965525
53,1,4249217.61366149,3931896.97224156,8.7715276,58.4827441
53,1,4229490.3975799,3913279.37159706,8.4412873,58.311887
53,1,4224060.78116434,3907902.06507829,8.3510439,58.2624476
53,1,4209880.78940718,3959558.48200813,8.085283,58.7236544
53,1,4174402.64775634,3955961.84158696,7.4766912,58.6813885
51,1,4346830.61265691,4073118.03946762,10.4584439,59.7579122
71,1,4053896.0119331,4033015.52300605,5.3155442,59.3186556
94,1,4048838.09748797,4164564.43850802,5.0579051,60.4961309
151,1,4509814.69727052,4804804.6388983,14.1778603,66.304762
148,1,4457167.59703474,4624523.04981091,12.8374024,64.7024793
175,1,4690324.34423899,5144870.03157458,19.2451052,69.210136
176,1,4763842.37874999,5202013.48153324,21.3139032,69.6222748
176,1,4751785.53880497,5182981.91602811,20.9259456,69.4699305
176,1,4738974.18302136,5170238.76566399,20.5516595,69.3740984
171,1,4645022.25135639,5014947.90898711,17.7193827,68.0935888
166,1,4577514.60449093,4957584.78914365,15.9902317,67.6377073
162,1,4568617.19714783,4921971.5703466,15.7079129,67.323529
40,1,4095495.83136256,3995337.65958292,6.0816825,59.0030562
53,1,4204086.96618454,3897335.8700807,8.0166533,58.1628975
53,1,4207122.79739805,3970429.43834512,8.0323657,58.8207119
53,1,4177028.00293516,4013911.50986667,7.4849161,59.2030888
53,1,4135609.88038451,3910359.95068654,6.8460099,58.2577722
53,1,4135832.59110607,3912389.67486844,6.8482028,58.2760923
53,1,4138112.91324893,3911534.08325342,6.8876311,58.2693068
181,1,4894535.60645126,5270316.90012855,24.9737308,70.0029963
100,1,4337953.9592607,4190337.82441822,10.3105402,60.8133354
116,1,4354207.94454215,4178797.0822131,10.6063275,60.708495
100,1,4340911.19504917,4172050.88232922,10.3628851,60.6485865
116,1,4351060.52338108,4164349.2591829,10.546704,60.5786733
116,1,4357735.2002011,4187481.89405384,10.6723236,60.7863883
116,1,4364410.91590841,4176962.68348842,10.7922074,60.691075
116,1,4371526.85815425,4114185.19428465,10.9065431,60.1253081
80,1,4359898.63119549,4123658.415883,10.6996992,60.2117432
80,1,4341759.88805586,4125218.45176986,10.3735888,60.2270187
116,1,4386108.41950164,4060175.81190153,11.1515415,59.6374635
122,1,4355988.42837351,4350147.62374493,10.6704846,62.251489
122,1,4357935.46052226,4334207.22552425,10.7045245,62.1077023
122,1,4361828.4910364,4353679.40728443,10.783195,62.2827671
147,1,4334170.47392648,4390737.14584139,10.2554179,62.6185496
122,1,4378474.64266172,4309242.93647107,11.0883889,61.880467
122,1,4368990.64292773,4324532.78032417,10.9128195,62.0194053
122,1,4364273.39020309,4331576.51842505,10.8247787,62.0833827
122,1,4380018.01348051,4301594.55774765,11.1151653,61.8113622
122,1,4380411.13651446,4301714.08002348,11.1226306,61.8123825
116,1,4422549.6610455,4302324.7367682,11.9188987,61.8096961
116,1,4446148.85128691,4241364.79065971,12.3241335,61.2545693
116,1,4442443.38547873,4245621.77554775,12.2580546,61.2939618
116,1,4402890.3356417,4234537.18758152,11.5181995,61.2037051
116,1,4402767.82783045,4238301.4074395,11.5175227,61.2376154
116,1,4408468.01768577,4193060.76463572,11.6030577,60.8292624
116,1,4419229.92873831,4179735.61790806,11.7936516,60.7070186
50,1,4343824.39030426,4056408.49391694,10.4033165,59.6077331
117,1,4289755.92784443,4306399.53233607,9.4087842,61.8576695
116,1,4441717.76266621,4099003.87400541,12.156604,59.9750828
116,1,4391810.27041826,4153095.17498192,11.2837663,60.4726401
87,1,4398401.92480597,4174316.69482479,11.4113617,60.6624962
87,1,4394348.67152848,4184438.18067091,11.341179,60.7543009
117,1,4274740.45886093,4309528.02990503,9.1238934,61.8844425
181,1,4926743.62459862,5306332.42790744,26.0247204,70.2544787
116,1,4368946.91180286,4093051.61725432,10.8554323,59.9354306
116,1,4373338.88220109,4090755.93122505,10.9332137,59.9142764
54,1,4374429.14383985,4080494.19966883,10.9500684,59.8218166
116,1,4370544.07013351,4080726.83869201,10.8810461,59.8243606
54,1,4373750.27730825,4070731.54724821,10.9355874,59.7340622
116,1,4363216.64351497,4031370.25452315,10.7411125,59.3810701
116,1,4381953.89629446,4022109.37525738,11.0674381,59.2956206
179,1,5090267.70720241,5283938.91895574,29.9284664,69.6746722
179,1,5089707.77954359,5283819.63161499,29.9138524,69.675098
179,1,5093392.65627476,5283943.23058852,30.0046062,69.6665773
179,1,5091103.12699637,5285107.42157471,29.9583569,69.6825704
179,1,5092480.2018161,5254275.6965075,29.7430426,69.413207
179,1,5092480.41108984,5290182.85089107,30.0335205,69.722708
179,1,5099207.11446427,5284000.82611157,30.1465402,69.6518627
179,1,5067672.60129737,5280579.39195154,29.3498897,69.7035398
179,1,5069949.47955481,5324710.67388453,29.7634748,70.0788808
179,1,5008276.88650203,5320376.27636361,28.18789,70.1943703
179,1,5011619.4086328,5322412.06961117,28.2875848,70.2040931
179,1,4975013.747552,5323122.87826187,27.3690194,70.2957972
176,1,4751429.78333904,5182243.28746158,20.9137925,69.4638413
176,1,4751428.16139815,5181446.17712853,20.9102011,69.4567211
175,1,4724037.16476896,5192001.23465164,20.2716449,69.5892796
175,1,4725605.74999039,5191986.25652581,20.3109151,69.5870214
176,1,4736886.69893311,5188788.83416696,20.5796805,69.5429094
176,1,4729049.28254174,5192305.82216227,20.3986048,69.58519
176,1,4738950.59827293,5189887.26401832,20.6360793,69.5498539
175,1,4673940.30609232,5156939.97064135,18.8832286,69.3380045
175,1,4676672.87542864,5166810.76287775,18.9872088,69.4234286
175,1,4638606.50071878,5178233.54604357,18.0730449,69.568868
175,1,4667764.2209688,5180513.47476313,18.8140869,69.5569384
175,1,4666160.47993974,5182263.37972862,18.7801154,69.5745183
176,1,4739285.00359231,5171307.43827401,20.5639628,69.3832246
176,1,4739403.75630228,5175197.97184487,20.5836582,69.4178533
176,1,4740595.35746043,5176015.47919988,20.6168237,69.4235036
175,1,4666550.77449907,5121326.6156007,18.5754588,69.0266115
175,1,4666870.19011634,5123234.69439818,18.5898455,69.043392
175,1,4674004.24020916,5090435.69011205,18.6517418,68.7407467
175,1,4648461.12615336,5133875.09415316,18.1721592,69.159308
175,1,4644026.23304749,5140246.72111006,18.0833106,69.2213523
175,1,4682279.76022832,5082436.80452224,18.8244652,68.6594554
171,1,4629597.77898129,5063999.73513052,17.4952944,68.5501466
171,1,4641182.46144713,5053339.62712189,17.7420375,68.4426762
171,1,4590095.07951158,5054971.43111355,16.5194464,68.5051547
171,1,4563825.16116063,5052782.53818658,15.8814574,68.5067923
169,1,4523656.80671203,5041935.43471714,14.891721,68.4372586
169,1,4522867.47363216,5041159.28274551,14.8712692,68.4307526
171,1,4573768.67855748,5054720.21496887,16.1255935,68.5164365
171,1,4576044.08744777,5054474.28207334,16.1798305,68.512381
168,1,4514783.84481225,5029158.42615534,14.6551931,68.3273808
168,1,4499809.10737601,5020939.50735474,14.2829118,68.2618864
168,1,4494634.52813603,5021305.24319339,14.1598776,68.268058
168,1,4497992.13079591,5020947.09632995,14.2395204,68.2629707
169,1,4528488.03788949,5058684.99732035,15.0406721,68.5854215
169,1,4521372.20440234,5049877.15426831,14.8517223,68.5104695
116,1,4346433.56408298,4076969.2031986,10.4518557,59.7925871
116,1,4346027.011464,4078330.94260368,10.4447928,59.804863
170,1,4546382.28793897,5070916.95805302,15.4998079,68.6835076
170,1,4543684.79265642,5073282.02300091,15.4393315,68.7068021
170,1,4542735.56106824,5073159.00832935,15.4159856,68.7063682
170,1,4541404.88271009,5073699.53131872,15.3847699,68.7121938
169,1,4528783.62824393,5058077.13066909,15.0466266,68.5797344
169,1,4526875.80047713,5055204.09062657,14.994856,68.5550379
170,1,4563380.50087216,5067598.898439,15.9048128,68.6408247
170,1,4552360.67516207,5074208.74654579,15.6523137,68.7088475
170,1,4562173.5396735,5068887.09759227,15.8785298,68.6533831
170,1,4553089.78075245,5075559.07150378,15.6730539,68.7204951
170,1,4559737.42337788,5057297.41747905,15.793131,68.5506638
171,1,4586814.39675714,5086880.0906617,16.5215363,68.7956177
171,1,4581604.57643663,5077820.09169131,16.3717082,68.718335
171,1,4576353.37469912,5081767.1851647,16.2537923,68.7582882
171,1,4641078.20518894,5051479.8676794,17.7339651,68.4260572
171,1,4643931.63083113,5049911.52367301,17.7975538,68.4090492
171,1,4627859.75580915,5018151.58114178,17.3227894,68.1393031
166,1,4592170.96070603,5012490.718897,16.4627981,68.1205534
166,1,4591099.94644147,5013787.56187071,16.4406162,68.1331441
166,1,4601138.30236466,5007090.58618801,16.661413,68.0641975
171,1,4592998.68595946,5021672.6724576,16.5051904,68.2025848
171,1,4592335.28334057,5020272.44408218,16.4859456,68.1905324
171,1,4597633.74125664,5027374.1560491,16.6298045,68.2499655
171,1,4596589.75139603,5025861.76124396,16.6011143,68.2372449
171,1,4601767.99665548,5029008.59314999,16.7324468,68.2610691
171,1,4574278.80782886,5036915.61491563,16.095662,68.3554541
166,1,4587591.34590879,4984572.74781372,16.2874246,67.8728198
166,1,4588799.52833556,4987081.61794284,16.3217247,67.894429
166,1,4589639.2471043,4994232.92586306,16.3585782,67.958168
166,1,4590905.68289947,4995528.35044977,16.391505,67.9687831
166,1,4592624.20703968,4997116.8266423,16.4358205,67.9816519
166,1,4602258.40033672,5006578.54421285,16.6865694,68.0586067
166,1,4594941.68422007,4997655.27795848,16.4917123,67.9845417
171,1,4626581.4399558,5017754.52448499,17.2914209,68.1369539
162,1,4561765.23549944,4923289.33723296,15.5533741,67.3404461
162,1,4569200.89046826,4935812.83959521,15.7504865,67.4478512
162,1,4588641.34567931,4901181.32647831,16.1204659,67.1207597
162,1,4586395.91587267,4900462.72003563,16.0678136,67.1160728
162,1,4587842.17811502,4901137.20006813,16.1021926,67.1209994
162,1,4569953.0350444,4907780.88767965,15.7088882,67.194638
162,1,4569395.74043501,4909731.87899266,15.7002193,67.2126356
162,1,4569277.13695588,4910644.66602948,15.6994066,67.2209502
162,1,4569000.30954952,4911222.0948491,15.6942809,67.2263601
162,1,4568026.0620514,4911930.43947181,15.673483,67.233467
163,1,4526621.74427571,4918398.34147796,14.7371763,67.3199457
163,1,4514933.60396575,4913638.95615167,14.4609325,67.2840091
163,1,4518984.36257509,4915084.68836837,14.5562384,67.2946739
163,1,4525365.97093254,4918257.52165577,14.708097,67.3194495
163,1,4524318.05226877,4908042.0111522,14.6665683,67.2278988
163,1,4559490.54024727,4897778.5331649,15.4501918,67.1121012
163,1,4523720.63790434,4906816.78647423,14.6508211,67.2172051
161,1,4480875.94245556,4852399.94933177,13.5987289,66.7489922
161,1,4477716.43803575,4856462.53602845,13.532858,66.7871477
161,1,4480236.70052716,4845918.40574378,13.5761064,66.6907638
161,1,4489093.48205249,4857917.14557808,13.7907803,66.7948518
161,1,4480910.52522695,4848786.16793671,13.5948756,66.716344
161,1,4494466.12090817,4851266.01606234,13.902407,66.7321113
159,1,4471043.95499414,4819893.06866893,13.3391444,66.4599061
157,1,4477221.97567726,4807645.6374808,13.4615028,66.3465966
157,1,4477943.82931993,4806818.61199113,13.4764642,66.3388049
157,1,4482064.23691043,4803899.24773213,13.5639337,66.3105652
159,1,4465108.43918701,4819040.61913992,13.2062933,66.4547374
159,1,4464349.13159445,4826379.56773539,13.197675,66.5213296
159,1,4467521.25210216,4829748.71852983,13.2722139,66.5504196
159,1,4479903.56146929,4840814.1162708,13.5621768,66.6448295
157,1,4460764.49766384,4777298.93107971,13.0648912,66.0796153
157,1,4459432.44360605,4787918.12364114,13.046895,66.1760201
157,1,4460193.14603451,4785748.20340243,13.0613118,66.1561261
157,1,4458992.04523834,4790230.7326237,13.039653,66.1970752
157,1,4485862.05862685,4810717.79625561,13.6565126,66.3703273
157,1,4514070.19204443,4804012.03396361,14.2705938,66.2952742
90,1,4141020.99163564,4162915.62537257,6.7302994,60.5294039
50,1,4313249.05123277,3997563.20249073,9.8651097,59.0788596
50,1,4315059.00975579,3990291.18251929,9.896801,59.0134737
119,1,4186127.45459132,4351612.70876912,7.4154282,62.243884
119,1,4181437.63022876,4356489.32128022,7.3218405,62.2862097
119,1,4180966.94868078,4357118.50240065,7.312324,62.2917126
145,1,4212006.67776912,4439643.16170036,7.8558486,63.0446048
40,1,4096303.61828314,3986102.60515685,6.1048874,58.9205331
40,1,4095719.37694913,3987142.24713802,6.0937441,58.9295802
157,1,4503368.05369905,4777566.71966824,13.997608,66.06248
157,1,4495564.60779257,4757797.14735087,13.8010217,65.8880972
157,1,4446847.07264396,4746141.24190193,12.7307071,65.8035629
148,1,4474228.02403043,4656793.39666224,13.2261711,64.9868119
149,1,4452766.24696858,4680496.85297798,12.7966154,65.2089902
149,1,4452046.04949227,4679721.4540945,12.7806321,65.2022542
157,1,4460694.98950061,4693584.82324582,12.9776136,65.3241105
157,1,4450941.18522143,4686390.59366066,12.7633226,65.2628257
157,1,4451178.02914307,4684812.80314002,12.7669032,65.2485043
149,1,4453283.52423733,4682554.2573659,12.809498,65.2273655
157,1,4457966.36368506,4693910.83443781,12.9198414,65.3280944
157,1,4428687.14925565,4713949.85264738,12.3116639,65.518883
157,1,4439268.35472213,4700539.79705705,12.5272163,65.394515
157,1,4432819.60749731,4720521.69379557,12.405619,65.5769481
157,1,4429060.28171335,4717618.7570193,12.3225336,65.5518934
157,1,4444316.5541976,4757944.19551075,12.6866676,65.9110151
157,1,4440189.63841079,4759328.28418609,12.5980762,65.924929
157,1,4442563.88764364,4756661.26929077,12.6473583,65.9000386
157,1,4438270.95396955,4763673.31443713,12.5601061,65.9648072
149,1,4424612.26252296,4660398.44815121,12.1849896,65.0367065
149,1,4436018.24476477,4666888.74976758,12.430518,65.091869
149,1,4434822.2146549,4666142.83112818,12.4046735,65.0855123
147,1,4340704.7123752,4563786.33044906,10.4029108,64.1787771
147,1,4341426.23469887,4562016.94548821,10.41743,64.1627738
147,1,4347322.25213623,4562292.5601773,10.5379634,64.1648974
147,1,4331936.97617599,4538649.51217702,10.2218717,63.9523382
147,1,4330954.71191277,4540222.31441701,10.2020448,63.9665542
148,1,4410162.35665397,4479361.17805677,11.775493,63.4075539
148,1,4412746.12311681,4478797.02926449,11.8266049,63.4018703
125,1,4286472.58526083,4386914.01894285,9.331176,62.5828294
142,1,4315239.13462971,4468608.57572517,9.8856349,63.320727
142,1,4296730.2093802,4477536.86887512,9.5168866,63.4005263
147,1,4306654.08516915,4502544.31041696,9.7122244,63.6265444
53,1,4125918.75352407,3911774.20998533,6.6801971,58.2665228
121,1,4062160.72347597,4286971.26621087,5.1368849,61.603462
121,1,4062710.48562122,4287266.14893737,5.1467755,61.6064512
128,1,4127190.19964268,4376428.31871709,6.2608016,62.4433885
128,1,4126033.04519334,4375354.17959757,6.2397049,62.4331696
128,1,4127386.04620248,4379097.65161178,6.2616438,62.4674973
128,1,4119755.52328542,4372012.21896801,6.1226772,62.4000376
128,1,4126044.91631489,4372873.86780637,6.2426671,62.4108617
128,1,4116637.67179934,4367988.37783136,6.0673673,62.3622856
128,1,4114314.23686,4367835.7106188,6.0229301,62.3597366
128,1,4117223.7561436,4347819.90585337,6.101599,62.1811814
112,1,4101578.65660351,4268609.65019148,5.8969767,61.4610179
128,1,4122825.201306,4380359.71977075,6.1723369,62.4766424
147,1,4261189.67389261,4491816.13378112,8.804292,63.5254534
147,1,4268920.71331777,4497049.87785945,8.9571445,63.5737613
142,1,4278131.99532968,4467127.73316674,9.1494072,63.3050733
142,1,4301217.80994727,4477485.72901473,9.6062206,63.4003181
142,1,4297428.66658056,4478544.32194855,9.530645,63.4096538
130,1,4270669.46691705,4432948.32836466,9.0116277,62.996059
145,1,4256407.70441249,4455311.90191031,8.7230252,63.1955779
142,1,4308706.35745572,4460164.81370825,9.7565728,63.2444401
130,1,4256333.39156769,4454012.85931054,8.7220596,63.1838554
141,1,4255706.56699452,4479369.19696544,8.6996745,63.4123454
145,1,4250565.9071245,4469098.73354471,8.6017169,63.3188601
145,1,4246819.71287424,4462270.45828308,8.530425,63.2566146
145,1,4216755.76959016,4479702.17220355,7.9241313,63.406894
145,1,4227343.29338093,4466266.88129329,8.1424892,63.2884751
145,1,4217661.90734761,4475833.2449948,7.9445972,63.3722638
145,1,4217677.11983819,4477205.3704242,7.9440379,63.3846348
145,1,4228636.89596838,4461857.51564942,8.170588,63.2490391
145,1,4230045.08391901,4458995.45358625,8.200032,63.2235714
145,1,4222624.99308154,4470242.17197049,8.0465949,63.3231498
145,1,4230578.53800969,4458880.1563461,8.2106468,63.2226552
145,1,4239711.56964884,4460809.52360248,8.3903696,63.2420395
145,1,4214690.44781311,4451758.27763794,7.9009496,63.1545036
145,1,4213006.411718,4447321.60825714,7.8705776,63.114067
145,1,4206996.66532741,4447070.50743985,7.7523282,63.1101157
145,1,4209791.34729296,4446657.48017445,7.8076641,63.1071907
145,1,4227994.79890863,4456733.36580726,8.1607389,63.2027042
145,1,4213642.94444325,4437526.51437601,7.8893631,63.0259797
139,1,4217407.58484262,4431168.0447374,7.9672213,62.969688
145,1,4216198.20350243,4434345.06947074,7.9415401,62.997997
112,1,4095629.74675864,4157999.36511569,5.9127695,60.464009
112,1,4077286.95902767,4155133.84309415,5.5843645,60.4283673
112,1,4077556.7051096,4156541.35010036,5.5875604,60.4411584
112,1,4062736.62272914,4151393.00397631,5.326206,60.386382
112,1,4059597.58888556,4151566.05403551,5.2693455,60.3860616
112,1,4062963.62391355,4151726.50436584,5.3298819,60.3895107
112,1,4062048.64029592,4151787.73099476,5.3132926,60.3895169
112,1,4063358.70364896,4148530.70794785,5.3410292,60.3610538
112,1,4063338.57161396,4149834.35109293,5.3390282,60.3727456
112,1,4063775.20742192,4147346.16265772,5.350024,60.3506654
112,1,4060757.56054146,4147191.80790295,5.2958272,60.3474881
112,1,4057591.08071688,4149330.30297473,5.2360157,60.3647823
112,1,4058343.71099412,4149390.75745137,5.2495095,60.3657795
112,1,4066909.9787933,4143493.11504364,5.411297,60.317911
112,1,4064578.89994339,4145724.68663392,5.3665356,60.3365817
112,1,4058871.17307623,4142320.28727561,5.2680385,60.3026271
112,1,4062668.15220908,4142625.54748893,5.336,60.3076314
112,1,4062490.97169648,4142214.83862097,5.3333259,60.3038394
112,1,4069376.10435233,4129341.90592878,5.4729418,60.1922849
112,1,4047648.95086339,4138931.67236763,5.070584,60.2653326
112,1,4051206.14596518,4149231.02268859,5.121029,60.3599833
112,1,4050744.67430387,4148857.32721179,5.1132023,60.3563432
112,1,4044822.4217521,4154596.79646687,4.998729,60.4041373
112,1,4037569.18334566,4171444.3443251,4.8443705,60.5506476
94,1,4055700.54680883,4158125.42670973,5.1905203,60.4425836
112,1,4046806.06600346,4172191.27112242,5.010813,60.5633024
112,1,4056061.78372479,4169651.4165019,5.1820245,60.54627
94,1,4045325.65462676,4171057.27520134,4.9855104,60.5521841
112,1,4046170.05938791,4171461.10020629,5.0002706,60.5563455
112,1,4038615.97488061,4179909.82650271,4.8515046,60.6272984
94,1,4044078.89333538,4172067.32398573,4.9615261,60.560453
112,1,4073754.10877642,4177736.69484964,5.4929656,60.629346
112,1,4050635.77127314,4194997.5993526,5.0495629,60.770428
112,1,4047679.46774318,4190098.949598,5.0023171,60.7245874
112,1,4039494.41417672,4172326.54628794,4.878041,60.5598208
112,1,4044400.76183232,4185377.11473422,4.9490887,60.680113
112,1,4079440.79200256,4181009.85465078,5.5924255,60.6619633
112,1,4079000.35152997,4179772.31677031,5.5859001,60.6506016
112,1,4073854.55700434,4165337.52928155,5.5099521,60.5180568
112,1,4079671.61716976,4178072.30779285,5.600152,60.6357092
112,1,4069951.02095433,4161959.14968783,5.4434031,60.4854775
112,1,4068087.8049037,4160611.71805691,5.4113543,60.4722968
40,1,4073605.24760866,3977964.52854158,5.721176,58.8357635
71,1,4067064.12732813,4027031.69190333,5.5527614,59.2725562
71,1,4064386.70329476,4027836.94235422,5.5050586,59.27827
71,1,4133075.39881919,4046618.80774358,6.6901213,59.4808545
71,1,4131958.46301526,4047138.85532128,6.6700262,59.485058
40,1,4127504.00545958,4000632.64120552,6.6324018,59.0653439
53,1,4147818.73458679,3967372.31554672,7.0109799,58.7746784
53,1,4130468.68551381,3890441.86731864,6.7746229,58.0768069
148,1,4409687.31340252,4478959.9155152,11.7658208,63.4040449
62,1,4331367.01569703,4072331.7137656,10.1839587,59.7514664
62,1,4331859.93391959,4071963.14485243,10.1926866,59.7481383
116,1,4364867.62509995,4089978.72038406,10.7820216,59.9082044
116,1,4364211.13119311,4092787.59843312,10.7708931,59.9335433
116,1,4363074.51781908,4091744.61343395,10.7504097,59.9242681
116,1,4362410.41008635,4090434.52905807,10.7383096,59.9125426
116,1,4363581.81403116,4090609.01411279,10.7592282,59.9140014
116,1,4361756.06198404,4094979.41364395,10.7275204,59.9534988
116,1,4362057.96720103,4095495.3782961,10.7330096,59.9581136
116,1,4360464.65879037,4094404.92725048,10.7043622,59.9484467
116,1,4361986.5810602,4092940.42286627,10.7312393,59.9351303
116,1,4363003.70460826,4092855.30336187,10.7493675,59.9342689
116,1,4362203.78805748,4091338.42638344,10.734802,59.9206952
116,1,4358417.83727069,4092915.24905291,10.667569,59.9352203
116,1,4361384.94212438,4090462.24475404,10.720033,59.9128868
108,1,4260595.68058039,4237198.20124166,8.8792276,61.2312749
108,1,4259356.84495753,4236506.83561491,8.8564664,61.2248715
108,1,4254181.50397728,4240292.91629721,8.7591666,61.2581725
113,1,4310000.20578665,4273766.33337569,9.7937778,61.5647655
179,1,5104222.0853537,5370788.48687859,31.0142035,70.3839703
179,1,5030585.6331603,5386280.05085474,29.282477,70.7115054
116,1,4417341.54322003,4235066.72557208,11.7862742,61.2054293
116,1,4344955.24272727,4080515.06057415,10.4259908,59.8245748
116,1,4408490.21892811,4201148.22629653,11.6070369,60.9020468
147,1,4336075.59949647,4560402.83743512,10.3079291,64.1484601
147,1,4341178.76132955,4560429.80740855,10.4121659,64.1484665
175,1,4672941.46744902,5191519.4403049,18.9847398,69.6497337
175,1,4672439.92447655,5196177.39369694,18.9893907,69.6921636
175,1,4671406.39623643,5192917.09108138,18.9511961,69.6641008
175,1,4672166.64334371,5191923.28978197,18.9666966,69.6542771
175,1,4671737.79473207,5192049.28828847,18.956346,69.6559151
175,1,4668571.00141286,5195949.62481557,18.8907847,69.694675
175,1,4669295.25507425,5195431.84477291,18.9071783,69.6891742
179,1,5021811.28549957,5389795.82845883,29.0864781,70.7640158
179,1,5047583.18062061,5385367.46140409,29.7095539,70.6602069
174,1,4830243.70658979,5249884.05076621,23.2292697,69.9413154
175,1,4638284.93057879,5142708.17408331,17.9489256,69.2495504
175,1,4638834.63950042,5142798.63595245,17.962857,69.2497889
175,1,4640093.86675255,5142797.6838358,17.9940981,69.2484585
59,1,4248191.65661168,4057058.28433149,8.7133531,59.6082298
50,1,4298904.21773692,4012571.50054298,9.6139812,59.2133944
169,1,4545945.27170151,5046644.27962835,15.4373923,68.4646749
172,1,4549013.16196109,5102471.10459541,15.6336267,68.966513
172,1,4549699.10911906,5102035.50139514,15.6495121,68.9620703
178,1,4827766.35575947,5332466.64362202,23.639279,70.6784632
166,1,4588559.85433519,5009670.77151641,16.3704067,68.0981781
97,1,4051166.42680633,4198625.81746339,5.0543309,60.8033311
112,1,4075081.60827167,4207589.5606203,5.4802904,60.8982134
112,1,4076883.80946841,4206986.26911224,5.5140688,60.8938272
112,1,4077556.58839773,4206504.74339813,5.5269919,60.8898856
112,1,4055809.90577265,4202332.13588205,5.1342201,60.8395004
61,1,4279411.88984893,4050997.31511012,9.2661785,59.5576981
67,1,4208727.7173219,4011117.90071823,8.039782,59.1869414
72,1,4252480.58202364,4091634.55788477,8.7780493,59.9199709
168,1,4498936.13909022,5020855.31550033,14.2619209,68.2616147
168,1,4493268.98829753,5016747.12826754,14.120024,68.2275955
168,1,4500076.67121718,5019526.43809215,14.2869741,68.2489641
163,1,4514518.28137872,4873819.36848004,14.3875851,66.9248434
147,1,4331163.43774455,4530793.16683289,10.2056734,63.8814852
147,1,4331878.39511211,4531863.03093506,10.2202152,63.8911169
112,1,4081194.14185639,4204049.72521374,5.5966295,60.8698879
112,1,4080620.52359296,4205072.08359445,5.5848822,60.8787494
112,1,4080542.00288154,4205679.2966974,5.5827056,60.8841595
102,1,4096368.67036028,4198794.31192714,5.8805696,60.8309003
53,1,4133481.4120849,3942561.86973345,6.7840549,58.5461721
112,1,4053230.05056348,4150402.05536256,5.1559862,60.3717431
7,1,4113739.89431967,3919797.99668741,6.4662091,58.3333226
53,1,4130582.83195944,3955582.97089903,6.7236811,58.6619504
142,1,4296619.44793797,4472087.46751289,9.5154892,63.3513804
77,1,4129836.35937062,4118556.8702619,6.5686521,60.1259234
116,1,4347374.83438117,4084947.87112107,10.4695665,59.8643243
116,1,4346016.72884555,4081508.10974018,10.4449832,59.8334517
72,1,4236384.53034264,4085898.28006661,8.493366,59.8655799
84,1,4334421.93195604,4117156.98962901,10.2410173,60.1547542
46,1,4352976.21540878,4050500.81009634,10.5641547,59.5540211
112,1,4059042.62034841,4206528.14208922,5.187802,60.8791622
112,1,4048071.23551882,4203719.00187835,4.9907891,60.8470911
112,1,4058578.69550431,4140824.79833805,5.2646787,60.2890269
90,1,4163557.04852997,4161792.06270437,7.1401101,60.528078
50,1,4339092.9745502,4019350.54917696,10.3166436,59.2745552
175,1,4682626.47427821,5082211.33081834,18.832055,68.6570304
11,1,4084214.1077951,3958507.1168676,5.9243949,58.6667049
11,1,4083314.0553046,3949343.30802757,5.9183773,58.5839831
174,1,4831080.82559455,5246571.16097114,23.2321022,69.9104554
50,1,4326742.32994481,4001437.91852999,10.1000337,59.1137439
112,1,4064739.02738885,4159805.6048981,5.3517842,60.4630949
50,1,4301668.75694006,4022999.10045521,9.6613664,59.3073262
40,1,4079273.82477133,3977102.79981541,5.8199081,58.831055
128,1,4126471.60713316,4379761.01250973,6.2432894,62.4730266
168,1,4510448.47209308,5017562.43148501,14.5311101,68.2252172
111,1,4136635.7068793,4223250.48497055,6.5948412,61.0700039
116,1,4367043.72548467,4028902.24457021,10.8077739,59.3584934
116,1,4384580.73712233,4025801.59057379,11.1144975,59.3284693
40,1,4079949.02570762,3956024.2950766,5.8537441,58.6422066
40,1,4075638.63648108,3972746.10494472,5.7618815,58.7900183
166,1,4577686.00615877,4955929.89668374,15.9905233,67.6226585
166,1,4601839.22199809,5004732.26457005,16.6719874,68.0423447
50,1,4294620.08039829,4000352.589849,9.5405853,59.1032512
147,1,4325476.46085043,4551741.1472406,10.0911857,64.0705811
147,1,4328759.11027448,4545362.09840274,10.1577364,64.0129753
112,1,4050556.55200121,4249279.67837406,4.973191,61.2576843
112,1,4099975.72804244,4226035.58329801,5.9159741,61.077561
112,1,4087812.63246286,4215112.09403424,5.7047783,60.9729256
50,1,4341240.52681008,4014557.21710471,10.3537888,59.2313441
50,1,4342553.11018068,4018219.06786262,10.3770878,59.2642247
116,1,4409497.04720474,4201188.59384197,11.6255421,60.902203
142,1,4278067.31471869,4488773.77071668,9.142465,63.5002478
147,1,4277236.17490393,4490758.22922789,9.1253324,63.5180504
117,1,4287986.90763059,4298851.10780222,9.3766594,61.7895391
117,1,4287466.00073939,4299262.10423577,9.36675,61.7931993
117,1,4281354.14527876,4306863.59282655,9.2497126,61.8611296
174,1,4830536.72873402,5245818.83709728,23.2142102,69.9047239
148,1,4356348.39556645,4587409.34615568,10.7282149,64.3908021
101,1,4173856.75530692,4197516.85209348,7.3007962,60.8530248
101,1,4177782.13108159,4192063.21341635,7.3766699,60.8052969
67,1,4228476.49809789,3984429.1308645,8.3954788,58.9514048
67,1,4235525.66547212,3984281.05628103,8.5177436,58.9514477
157,1,4470871.26379722,4747563.8464963,13.2528457,65.8070724
157,1,4465796.46132974,4744944.93930122,13.1400575,65.7855433
157,1,4472547.42587525,4749127.94044409,13.2909235,65.8204753
157,1,4472801.12993432,4749753.53349283,13.2971276,65.8260123
157,1,4472636.75449442,4752117.31523813,13.2962209,65.8474142
112,1,4054253.56118139,4150410.25692334,5.1744338,60.3724449
53,1,4138987.15827519,3954436.01763462,6.8690055,58.6550441
147,1,4381344.33823287,4447810.1549588,11.1903047,63.1286264
116,1,4359704.70804746,4191968.84311339,10.7092401,60.8266074
116,1,4358100.10924865,4191459.84719839,10.6797436,60.8221671
163,1,4521944.01958324,4916276.04657584,14.6261543,67.3036522
163,1,4528357.33539812,4918279.94442828,14.7768205,67.3177988
53,1,4129112.98663021,3955444.88352839,6.6985415,58.6601001
111,1,4144420.49388195,4252414.52565612,6.7117774,61.335588
175,1,4732483.09086758,5162668.93855752,20.3586038,69.3153017
145,1,4215802.26828835,4452577.91962127,7.9223737,63.1621879
53,1,4208373.32038367,3952770.80747259,8.0626479,58.662266
67,1,4231546.99068348,4010184.59969141,8.438428,59.1836294
116,1,4390171.85774089,4143267.87550083,11.2507403,60.3844663
116,1,4389746.26519923,4143559.3721827,11.2431443,60.3871569
116,1,4390169.86665006,4144581.44665713,11.251148,60.3962875
168,1,4459911.18483966,5001117.32750972,13.3038747,68.1024966
168,1,4461541.93802829,5002142.39512387,13.343904,68.1110578
168,1,4465613.52551943,5005147.36952279,13.4445606,68.1364251
168,1,4466011.40691122,5005323.03124942,13.4542528,68.1378339
168,1,4467484.32952123,5006380.00768322,13.4906852,68.1467229
168,1,4460413.3644675,5001387.2532958,13.3161405,68.1047202
168,1,4469671.61044286,5008209.52923212,13.5451904,68.1622603
168,1,4473852.42049069,5007391.90010501,13.643551,68.1528952
168,1,4473635.99058331,5006982.48180224,13.6378326,68.1492961
40,1,4128630.48417971,3999174.80847361,6.6532293,59.0527253
103,1,4216206.99322897,4212844.09343849,8.069061,61.0034141
112,1,4050025.10841668,4207828.82362989,5.0209062,60.8852241
112,1,4050438.94070763,4208041.80640186,5.0281937,60.8873979
112,1,4048569.49056751,4204813.8598139,4.9983984,60.8572361
112,1,4077344.035179,4097652.81750525,5.6527729,59.9122474
112,1,4076732.91590452,4097918.96206265,5.6415895,59.9142999
112,1,4075810.01685098,4097963.05019818,5.6251127,59.914185
112,1,4075136.10592642,4097994.91209431,5.6130816,59.9140969
112,1,4073815.1514834,4098057.01761753,5.5894996,59.9139181
112,1,4074366.04110704,4098031.36806151,5.5993339,59.9139954
71,1,4104105.1802363,4081360.90235608,6.1458672,59.7798396
112,1,4051656.13613927,4175218.97367082,5.0947434,60.5935265
112,1,4051439.34529154,4175598.02815635,5.0903016,60.5967938
112,1,4051258.62010905,4177401.38751681,5.0846086,60.6128683
112,1,4050284.96299087,4177050.22817858,5.0673949,60.6091071
112,1,4049694.94865149,4176920.57845688,5.0568538,60.6075732
112,1,4051654.46841896,4147308.81387713,5.1316331,60.3430079
112,1,4050714.84270246,4146971.53790459,5.1151469,60.3393991
112,1,4058339.31596366,4144685.69761226,5.2554475,60.3235408
112,1,4058462.57019767,4143638.72824111,5.2590032,60.3142167
112,1,4061251.78154824,4169668.96146318,5.2761009,60.549573
112,1,4060702.60302373,4169160.70661788,5.2667963,60.5446801
112,1,4074167.41837525,4177911.48287517,5.5002652,60.6311522
112,1,4078557.26325347,4180723.24258874,5.5766921,60.6588933
98,1,4096085.46216869,4177147.38441046,5.8997454,60.6362668
112,1,4094841.83907812,4176338.00798449,5.8780342,60.6283456
112,1,4094024.34380785,4175536.10410644,5.864072,60.6207125
112,1,4087148.66471172,4169163.03249803,5.7464628,60.559798
112,1,4088882.34966124,4192675.52089429,5.750746,60.7719446
112,1,4088824.60574622,4194072.39841749,5.7480638,60.7844621
112,1,4089298.70607181,4185924.97829126,5.7661794,60.7115269
112,1,4090141.94910531,4180488.87245527,5.7878094,60.6631458
112,1,4089490.34912011,4184711.38597261,5.7710758,60.700728
112,1,4079677.72325444,4185032.64865218,5.5918988,60.6982268
112,1,4079712.08043921,4184530.11484029,5.5931298,60.6937325
112,1,4079597.8817108,4182190.93354847,5.5938646,60.6726591
112,1,4075140.30108816,4156086.9290692,5.5444251,60.435717
112,1,4081241.94138728,4146587.59802566,5.66585,60.3538145
112,1,4082821.16053457,4146338.34009036,5.6946167,60.352442
71,1,4069211.59769346,4095173.02001315,5.5110033,59.8854303
71,1,4055049.91652117,4032742.22903208,5.3360537,59.3168852
46,1,4355642.35837341,4053466.28204798,10.6116652,59.5805024
108,1,4282980.69743904,4206461.86068535,9.3005316,60.957143
111,1,4143143.31694277,4237556.83515812,6.70176,61.20143
111,1,4161626.89389245,4230570.89825729,7.0498484,61.1459536
116,1,4400388.76104567,4133633.95714655,11.4317097,60.2960344
116,1,4337326.84398882,4236627.93178179,10.302912,61.2301389
116,1,4334985.50957485,4238366.60052411,10.2595997,61.2458791
179,1,5012908.41133166,5348494.07696459,28.524043,70.4276462
157,1,4460014.1466306,4752341.28452554,13.0224439,65.8546138
157,1,4462759.87745407,4749801.72032729,13.0793899,65.8306037
116,1,4404281.21539168,4138126.3453104,11.5037039,60.3357318
116,1,4345216.26741362,4229311.84020665,10.4483654,61.1638837
169,1,4518836.65273147,5041013.38339948,14.7740659,68.4319861
169,1,4521336.73873718,5048779.9008417,14.8487949,68.5005783
50,1,4300922.84998786,3996959.94262789,9.6506524,59.0730559
50,1,4299621.58293071,3995650.8027843,9.6281353,59.0612207
50,1,4302167.03376471,3995073.677576,9.6724597,59.0561419
50,1,4302268.92267474,3994267.87211785,9.674299,59.0488978
50,1,4300725.9523109,3994874.60689047,9.647415,59.0542893
50,1,4301580.12206314,3995345.766919,9.6622288,59.0585647
71,1,4072319.60259847,4044499.94993292,5.6248069,59.4322834
71,1,4062673.72841055,4037071.45392581,5.4643048,59.360171
71,1,4058146.24985293,4033528.62290578,5.389264,59.3257577
71,1,4057547.26481266,4033194.3339421,5.3791863,59.3224082
86,1,4112723.67811081,4152031.85120428,6.228261,60.418924
145,1,4216176.4137792,4453094.8519604,7.9294346,63.1669459
145,1,4244210.59456481,4461382.80588381,8.4791627,63.2481118
145,1,4210439.86680244,4446200.99631546,7.8207408,63.1032595
139,1,4201202.95276922,4410891.08919268,7.663672,62.7824687
139,1,4201235.58214909,4410255.03256798,7.6647502,62.776749
145,1,4255172.73869682,4473523.87070852,8.6913858,63.3595556
145,1,4255626.16701701,4473989.10562007,8.700213,63.363826
145,1,4250755.18542103,4468543.56671451,8.6057094,63.3138892
145,1,4222712.60443247,4470808.00522918,8.047997,63.3282717
145,1,4223304.74187552,4468774.62520805,8.0609527,63.3100927
145,1,4224958.02510056,4468147.74695941,8.0941142,63.304851
145,1,4225799.42398719,4467298.95249843,8.1112911,63.2974058
145,1,4244592.83259106,4461522.93973241,8.4866662,63.2494495
145,1,4246038.02890754,4462010.05956556,8.5150614,63.2541189
145,1,4228530.60590268,4457019.4455317,8.1711714,63.2054088
145,1,4233124.87907233,4459119.6741325,8.2608886,63.2253911
145,1,4231684.12231501,4458906.8535946,8.2325014,63.2231484
145,1,4232379.08480923,4459255.59876923,8.2460627,63.2264489
53,1,4137089.14802576,3911874.25195585,6.8699656,58.2719598
53,1,4135744.87983523,3911364.54474082,6.847516,58.2668494
53,1,4136682.16147363,3911687.47317435,6.8631935,58.2701214
50,1,4327866.4790452,4001418.5094903,10.1196162,59.1135537
50,1,4334868.2338004,4000960.09127665,10.2415598,59.1092702
67,1,4209512.02492816,4010867.32551759,8.0535945,59.184882
67,1,4197066.68903337,4013412.04658175,7.8350249,59.2045276
67,1,4201377.27154574,4010626.83785486,7.9117817,59.1806448
35,1,4249818.19057334,4005884.4538012,8.7586892,59.1481931
35,1,4250327.87681125,4005606.42310653,8.7676638,59.1457722
35,1,4250811.56765054,4005401.0747583,8.7761611,59.1440004
175,1,4663015.46152158,5054613.5808083,18.2688274,68.4312143
171,1,4644148.09229062,5048709.61106806,17.7991068,68.3980208
121,1,4091532.75766668,4309776.14646632,5.6591552,61.8256103
121,1,4068043.97628886,4319866.10176095,5.2022892,61.9025729
175,1,4644146.27769025,5141760.80687029,18.0912316,69.2348433
71,1,3668709.65725738,3665277.04200808,-0.4016667,55.6666667
157,1,4458852.56637773,4748488.37294714,12.9932828,65.8202897
53,1,4128965.26643254,3954171.38163217,6.6970655,58.6485993
40,1,4072824.39382141,3978431.36474747,5.7071936,58.8395311
116,1,4394570.80176104,4127249.12542289,11.3245386,60.2396008
116,1,4394714.05752729,4127766.08766839,11.3273013,60.2442284
53,1,4280399.73799148,3760999.54665125,9.3334944,56.9500511
112,1,4038933.57929679,4171103.01431158,4.8695775,60.548476
168,1,4471927.16769768,5007751.95182027,13.5982431,68.1570655
168,1,4472328.82971991,5007809.73856153,13.6078803,68.1573983
168,1,4454443.3346934,4990034.62382693,13.1606689,68.0045665
168,1,4455138.24712504,4991506.24990093,13.1788792,68.0175892
171,1,4631590.38945473,5065651.56742894,17.5481406,68.5630434
171,1,4595680.78797928,5058361.76714694,16.662673,68.530879
175,1,4641859.5438024,5178581.4083397,18.1560692,69.5685202
175,1,4644027.42945905,5179172.9982114,18.2126126,69.5715049
69,1,4284528.98447291,4094095.2500515,9.3491185,59.9459174
69,1,4282190.58060596,4098322.08985545,9.3066108,59.9837526
53,1,4130976.95880258,3956532.30395357,6.7296691,58.6706408
122,1,4377322.14577744,4370030.45787264,11.0855417,62.4282394
115,1,4220344.42791852,4314588.24414742,8.0912912,61.9203391
41,1,4281490.96499925,4034800.83617503,9.3057981,59.4121774
41,1,4281142.34530249,4034069.4101823,9.2998061,59.4055667
40,1,4069320.24416524,3965058.4521868,5.6614646,58.717602
121,1,4069219.69452461,4317806.64423912,5.227339,61.8847894
112,1,4061552.27484022,4170077.92855271,5.2810255,60.5534249
100,1,4299729.15044194,4194572.14487261,9.6099365,60.8512631
116,1,4443010.40482836,4245997.76561022,12.268829,61.297182
40,1,4070992.88865299,3989898.61874094,5.6629436,58.9414552
50,1,4321188.17455477,3994920.88738426,10.0032726,59.0551573
52,1,4303094.67995621,4056391.92253732,9.6836056,59.6078082
46,1,4355927.37751532,4054709.76944021,10.6168981,59.5916677
171,1,4588068.01630205,5084270.33424486,16.5453486,68.7710118
50,1,4343860.95117831,4017869.84732768,10.3999329,59.2610189
175,1,4677301.62122931,5177166.90406756,19.0411136,69.5156702
71,1,4065414.07934178,4080123.84191214,5.4615405,59.748165
157,1,4508523.91771897,4807131.03542486,14.1527418,66.3264483
127,1,4246674.25385622,4397798.11545059,8.5557672,62.6755245
50,1,4293681.6524761,4016169.87913224,9.5223007,59.245479
50,1,4347346.24996172,4035053.62590558,10.4629609,59.4154154
147,1,4380541.15573743,4458756.29868873,11.1783655,63.2274252
77,1,4142066.20853999,4084109.03200869,6.8171206,59.8214559
53,1,4223930.13449896,3937588.92498144,8.33652,58.52931
147,1,4328464.05634641,4395875.14593572,10.1449729,62.6650037
116,1,4406802.23304466,4198433.07761354,11.5748638,60.8779512
40,1,4074934.31986548,3956241.95727354,5.7674524,58.6415103
53,1,4244206.0757108,3449633.5188894,8.8249545,54.1478476
166,1,4578157.14877992,4955840.56585868,16.001261,67.6214841
112,1,4064469.23889929,4165011.02049392,5.3403385,60.5096711
20,1,4297067.29506283,4000130.35725273,9.5832271,59.1013877
94,1,4053796.95754767,4153118.25753545,5.1626663,60.396472
94,1,4049879.88678739,4163638.94599434,5.077996,60.4884767
126,1,4164725.85158424,4418938.40300874,6.9457667,62.842337
114,1,4176157.33952173,4272244.78441671,7.2870254,61.5261312
104,1,4197731.66926255,4239242.24565436,7.712122,61.2360207
121,1,4065460.75795601,4322638.4712986,5.1495919,61.9258873
118,1,4161295.97233376,4360842.37788827,6.9318983,62.3179904
139,1,4176166.89102738,4407572.72855455,7.1786849,62.7443045
115,1,4227461.21136507,4312068.33310389,8.2274683,61.8993215
96,1,4295067.37533982,4143500.23895391,9.5310245,60.3912806
108,1,4260422.1313208,4226571.42687162,8.8793324,61.135575
93,1,4315381.36926541,4171990.7815105,9.8976003,60.6484683
61,1,4273762.16032981,4061747.60763711,9.164148,59.6538535
72,1,4240595.97821117,4087153.25986539,8.5678574,59.8776544
50,1,4290395.20352242,4003567.6538712,9.4665697,59.1319062
112,1,4091920.28012828,4189132.48950692,5.8102959,60.7417454
67,1,4232395.73323542,4013882.18012784,8.4517647,59.2170495
53,1,4248805.14720923,3930254.63958883,8.7649789,58.4679127
148,1,4474661.60225875,4648581.7936062,13.2265964,64.9125817
80,1,4353475.47622069,4133059.15112101,10.5856436,60.2968706
116,1,4345677.77828129,4079384.60945146,10.4387082,59.8143634
171,1,4579144.35558354,5082867.2971119,16.3244808,68.7659044
171,1,4643373.58642865,5049288.17069776,17.7823243,68.404014
171,1,4656314.00489231,5053830.57667358,18.1059542,68.4313709
171,1,4603113.68094523,5035886.29445462,16.7824168,68.3218296
162,1,4562865.97461051,4925778.66226088,15.5837458,67.3620875
163,1,4557002.13702168,4895070.14167424,15.3882757,67.089445
50,1,4312651.58725116,4003376.71366949,9.8544949,59.1311438
155,1,4523505.15115947,4817321.82524853,14.4995847,66.4099392
157,1,4578712.58551935,4749634.9443905,15.5890879,65.7638642
157,1,4427026.12597604,4713949.131852,12.2760337,65.5193706
168,1,4509622.61249319,5017242.99009954,14.5108648,68.2228205
121,1,4057875.75862989,4286311.72747852,5.0575653,61.594859
128,1,4122382.78893299,4379903.64313633,6.1643232,62.4723225
145,1,4205753.23004213,4448539.38680734,7.7268218,63.1229899
112,1,4062586.51089773,4152969.7549724,5.3215067,60.4004484
112,1,4047876.8275743,4138535.85678312,5.0752036,60.2619228
116,1,4364150.12707436,4091640.774807,10.7695708,59.9232301
116,1,4363342.83864812,4093882.78190845,10.7556233,59.9434819
116,1,4361114.08865826,4092694.00047736,10.7156275,59.932993
116,1,4361106.71722896,4091527.88219676,10.7152748,59.9225008
116,1,4359649.74492927,4091233.49350747,10.6892386,59.9199816
179,1,5048412.41415238,5383221.89482423,29.7124346,70.6395388
175,1,4672104.98704719,5195610.21254961,18.9788201,69.6874657
175,1,4672833.28841933,5197063.90000729,19.0026328,69.6996597
177,1,4826642.94016245,5333433.65279749,23.6156434,70.6890602
112,1,4057601.42343702,4140269.25211779,5.2478063,60.2834517
139,1,4173803.30237258,4419472.85321134,7.1225095,62.8506021
121,1,4065384.52697091,4308164.92624517,5.1682185,61.7958222
163,1,4511498.94302919,4912316.91401107,14.3800333,67.2740574
102,1,4102670.27817837,4208756.46479897,5.9848881,60.9236757
112,1,4051894.51329861,4178714.64196433,5.0944051,60.6250532
35,1,4266504.24547427,4004891.80355337,9.0498738,59.1415764
116,1,4436548.11981822,4029558.02008173,12.0270204,59.3519266
147,1,4450527.44448498,4454997.39282707,12.5596114,63.1767439
176,1,4763518.5209737,5203318.90976232,21.31187,69.63441
