from,to,type,No,voltage,distance
1,72,1,-1,300,9371.81107939159
2,3,1,-1,300,6802.13591810339
3,714,1,-1,300,22584.4568682916
4,179,1,-1,132,11540.9252694328
6,768,1,-1,132,38204.3428785352
7,1078,1,-1,132,1824.56375356116
8,117,1,-1,132,4759.48152258063
8,117,1,-1,132,4759.48152258063
9,38,1,-1,300,5909.79383369054
10,734,1,-1,132,8831.37999058333
71,101,1,-1,420,32487.2885819907
11,1193,1,-1,420,46389.415989151
13,453,1,-1,300,2594.99528114186
14,363,1,-1,420,46974.9040934086
4,5,1,-1,300,8975.68260452985
15,313,1,-1,132,12967.6355070225
16,35,1,-1,132,4260.39317207281
18,69,1,-1,300,4721.37846587827
19,39,1,-1,132,9355.76941420407
19,39,1,-1,132,9355.76941420407
20,117,1,-1,132,3426.69093681586
20,117,1,-1,132,3426.69093681586
20,21,1,-1,132,5970.31060865318
20,21,1,-1,132,5970.31060865318
22,1083,1,-1,132,2328.63054763393
24,151,1,-1,132,13383.6067235006
26,33,1,-1,300,5063.93569440716
27,737,1,-1,420,11707.0318693622
30,29,1,-1,132,2941.91665058399
26,32,1,-1,300,10131.3936108989
33,1280,1,-1,300,1960.74356474491
37,12,1,-1,132,6739.59819846311
37,12,1,-1,132,6739.59819846311
40,108,1,-1,132,11300.0539872677
42,1210,1,-1,132,5698.1396863629
43,1207,1,-1,420,6229.3942923416
44,664,1,-1,132,5911.28764933105
44,664,1,-1,132,5911.28764933105
45,1211,1,-1,132,5957.97416621287
43,46,1,-1,132,1870.40971883239
43,46,1,-1,420,1811.52678789661
48,47,1,-1,132,22662.7848510648
36,49,1,-1,132,1606.78721239216
36,49,1,-1,132,1606.78721239216
49,310,1,-1,132,2026.69977763567
49,310,1,-1,132,2026.69977763567
47,144,1,-1,132,12942.7057460323
50,1044,1,-1,132,520.522335006511
50,1044,1,-1,132,520.522335006511
50,144,1,-1,132,8106.49923317684
51,143,1,-1,132,3060.58603669851
52,143,1,-1,132,1941.77763784511
52,143,1,-1,132,1941.77763784511
53,352,1,-1,132,4114.25301797761
53,54,1,-1,132,1451.79925542769
53,55,1,-1,132,10513.433953991
56,871,1,-1,132,7375.98002462025
56,1281,1,-1,132,6219.28841062185
57,309,1,-1,300,136660.965807416
58,715,1,-1,132,11839.5085769415
59,1026,1,-1,132,496.864484744404
48,62,1,-1,132,6882.96367879148
61,311,1,-1,132,685.556038924698
63,1282,1,-1,132,1672.62353612275
63,1282,1,-1,132,1654.25505010767
66,144,1,-1,420,3905.20637869516
21,324,1,-1,300,15752.4137117125
67,130,1,-1,132,3745.52553565017
67,68,1,-1,132,7748.69462373862
69,1017,1,-1,300,6468.53505928924
71,73,1,-1,420,8819.21149315798
70,290,1,-1,132,10166.7342100651
71,73,1,-1,420,8444.01920213792
71,72,1,-1,300,7988.16218714043
73,1283,1,-1,420,2644.01814600137
71,64,1,-1,420,27556.8994789225
74,256,1,-1,300,39872.5110134481
74,1192,1,-1,300,6952.39920476558
699,157,1,-1,420,136379.77521879
76,83,1,-1,132,3161.80179783696
76,77,1,-1,132,7218.72592524758
78,602,1,-1,132,10450.6590285269
80,1077,1,-1,132,1914.77761829101
80,1077,1,-1,132,1914.77761829101
78,81,1,-1,132,2180.41082100637
78,81,1,-1,132,2180.41082100637
82,83,1,-1,132,6263.0028872441
83,1284,1,-1,132,815.261982072545
83,1284,1,-1,132,816.102280598623
82,84,1,-1,132,10637.5205731001
82,804,1,-1,132,27546.1692200459
85,1197,1,-1,132,15362.3122538373
86,87,1,-1,132,3940.85552551946
87,337,1,-1,132,5732.54391475778
88,1285,1,-1,132,1023.1051312413
89,400,1,-1,132,3126.77277729906
23,1083,1,-1,132,1176.18345500818
90,94,1,-1,132,8303.10589810865
91,93,1,-1,132,1674.66215001599
90,1107,1,-1,132,3943.6559870942
92,1240,1,-1,132,4424.72853186132
89,312,1,-1,132,5963.31781779574
93,402,1,-1,132,650.342451316688
92,94,1,-1,132,2466.36000995642
1071,189,1,-1,420,411.985325566762
32,96,1,-1,132,829.953081733303
97,1098,1,-1,420,24884.4564260078
21,324,1,-1,300,15732.8656302568
99,663,1,-1,132,24101.0899810883
100,666,1,-1,132,3098.90708456044
102,103,1,-1,132,12573.5895449562
105,104,1,-1,132,4250.35100602319
105,106,1,-1,300,37158.9962125176
107,1286,1,-1,132,9178.27237208553
108,133,1,-1,132,1253.01823722232
110,118,1,-1,300,1711.00199747342
109,1196,1,-1,300,4809.44797938657
110,111,1,-1,420,9693.12495668823
111,116,1,-1,300,5034.24800260997
109,1196,1,-1,300,4822.77028217592
109,112,1,-1,420,35594.3821828306
114,1238,1,-1,450,574265.645312701
116,440,1,-1,420,17293.123404602
111,116,1,-1,300,4528.18632730697
111,116,1,-1,420,4968.67293407093
117,270,1,-1,132,4637.16642542796
11,19,1,-1,132,630.266409929371
11,19,1,-1,132,630.266409929371
110,118,1,-1,300,1712.8958543027
110,118,1,-1,300,1734.38901962163
110,118,1,-1,300,1749.55891047574
110,118,1,-1,300,1714.240842554
110,118,1,-1,420,1740.31693014859
110,1196,1,-1,420,4243.97209481604
119,997,1,-1,300,11457.9911469606
120,1162,1,-1,420,23560.9651219631
121,997,1,-1,300,20439.5865191181
122,1255,1,-1,132,5343.17343483406
40,123,1,-1,132,40801.5794187064
126,1115,1,-1,132,52717.1671012049
127,125,1,-1,132,32468.1868176728
128,926,1,-1,132,1268.62178633511
129,926,1,-1,132,37776.4239262165
131,1287,1,-1,300,5263.18396763183
132,801,1,-1,132,926.812628974607
107,1286,1,-1,132,9303.04228153231
133,1286,1,-1,132,2511.17911168202
133,1286,1,-1,132,2550.87574934178
133,1286,1,-1,132,2542.35683565814
133,1286,1,-1,132,2507.74632262102
134,798,1,-1,132,18805.3424787351
135,425,1,-1,132,29013.6808399907
115,1256,1,-1,420,29513.6967532312
17,1280,1,-1,300,2721.05250170193
101,159,1,-1,420,27983.3679394568
6,136,1,-1,420,31490.8148784891
868,157,1,-1,420,37116.4158649926
137,1288,1,-1,132,1355.3236607129
138,1289,1,-1,132,2091.4417132904
139,1289,1,-1,132,5300.53837789048
140,141,1,-1,420,7151.13546616264
141,646,1,-1,420,12870.3706655702
142,144,1,-1,420,8370.63115568796
143,144,1,-1,132,4411.70085974932
144,1290,1,-1,132,3253.61042852898
145,329,1,-1,300,15659.0346452555
146,446,1,-1,420,15747.0066035307
101,1096,1,-1,132,2753.18854424049
101,1096,1,-1,132,2753.18854424049
101,1096,1,-1,132,2753.18854424049
73,1193,1,-1,420,2030.13051737196
126,694,1,-1,132,39577.4276806932
147,125,1,-1,132,3982.49469086289
148,158,1,-1,132,2179.20054901634
148,158,1,-1,132,1999.97820737108
148,158,1,-1,132,2213.58620003536
150,1291,1,-1,132,4528.35651149111
150,151,1,-1,132,8298.78055199086
152,692,1,-1,300,130604.409207483
152,153,1,-1,420,32111.2075904452
155,156,1,-1,132,4833.61514805233
156,852,1,-1,132,2855.64562829621
156,852,1,-1,132,2921.45163652147
158,849,1,-1,132,891.048202218611
159,1355,1,-1,420,28265.6278601174
160,161,1,-1,132,10702.6934100364
161,350,1,-1,132,24386.6692725367
160,812,1,-1,420,32516.9822665628
162,748,1,-1,132,4300.54678820531
162,748,1,-1,132,4300.54678820531
71,101,1,-1,420,32884.5499916893
163,1151,1,-1,300,700.938071318336
164,330,1,-1,132,1570.79087130382
165,881,1,-1,300,34538.5104729082
153,166,1,-1,420,54759.419049884
120,167,1,-1,300,4139.50145608652
168,600,1,-1,132,8625.96312579235
168,600,1,-1,132,8625.96312579235
169,592,1,-1,132,3940.25864609564
169,592,1,-1,132,3940.25864609564
170,1091,1,-1,132,16663.8852370713
170,96,1,-1,132,21042.9003244147
145,378,1,-1,132,8637.20732929137
172,635,1,-1,420,10738.6119778534
173,175,1,-1,132,20339.0557673988
174,260,1,-1,132,2978.28484039121
175,191,1,-1,132,2618.39592390559
175,191,1,-1,132,2609.47835346741
175,191,1,-1,132,2630.85310886793
173,261,1,-1,132,34774.8375028446
176,1169,1,-1,300,15286.6998984236
177,643,1,-1,420,10172.4469361775
179,255,1,-1,132,6075.26539089155
183,98,1,-1,420,31166.1226639295
180,95,1,-1,420,33950.498742382
184,1098,1,-1,420,59556.1759599096
186,187,1,-1,300,11829.7283812915
187,208,1,-1,300,20556.6343089227
186,188,1,-1,300,17486.4564449753
184,189,1,-1,420,1991.80370518886
189,1254,1,-1,300,1346.89914614054
190,705,1,-1,420,46801.0980897617
174,191,1,-1,132,16590.4145660051
175,171,1,-1,420,22240.9824708854
5,240,1,-1,300,32967.1980712624
192,195,1,-1,132,29640.1090193833
192,1292,1,-1,132,7294.71664043731
194,199,1,-1,132,1016.23976956416
193,1292,1,-1,132,7538.72035077822
196,199,1,-1,132,15189.8790151533
192,197,1,-1,132,423.403987016528
192,197,1,-1,132,423.403987016528
193,198,1,-1,132,5080.93895898844
199,195,1,-1,132,8226.24408409393
200,906,1,-1,132,4515.79032867272
201,1003,1,-1,132,2332.3390120511
120,375,1,-1,420,24904.2118972404
203,999,1,-1,420,5348.45989476178
204,449,1,-1,420,11672.0291689338
202,635,1,-1,300,36810.1164469195
206,273,1,-1,132,3345.85030720028
206,273,1,-1,132,3345.85030720028
207,355,1,-1,132,9158.87382901748
208,687,1,-1,420,30763.9562284928
207,210,1,-1,132,1964.35373435099
211,213,1,-1,300,4343.47604834271
212,1293,1,-1,300,4201.28165463744
211,1293,1,-1,300,46583.3726063941
375,1293,1,-1,300,19501.9683313236
214,702,1,-1,132,15793.8230053973
215,1120,1,-1,132,8055.62897023232
216,1243,1,-1,132,11172.5900600038
216,1243,1,-1,132,11172.5900600038
216,1241,1,-1,132,4561.53624011877
217,677,1,-1,132,5496.02832641076
205,252,1,-1,300,9215.39954176036
205,219,1,-1,300,4086.91867329133
219,228,1,-1,300,3127.8616149337
205,252,1,-1,420,9287.64246139552
220,224,1,-1,420,29999.865738707
220,221,1,-1,420,19516.9586712746
222,585,1,-1,132,12594.0272444141
223,587,1,-1,132,17129.8043273269
21,224,1,-1,420,88596.0838936263
225,612,1,-1,132,16081.3791863144
219,630,1,-1,300,9264.13941984986
227,218,1,-1,300,18717.5637610101
229,1294,1,-1,132,9420.77443595954
230,345,1,-1,132,7169.92707161398
231,673,1,-1,420,10528.9899258927
230,346,1,-1,132,7960.08298214003
229,344,1,-1,132,16456.4960853864
229,344,1,-1,132,16456.4960853864
233,674,1,-1,132,10334.9055976091
234,669,1,-1,420,8325.75089530073
233,232,1,-1,132,1545.85231387803
233,682,1,-1,132,11169.7839461583
236,209,1,-1,132,23465.9628015619
236,235,1,-1,132,3877.30216335937
235,98,1,-1,132,12019.6749777285
173,171,1,-1,132,2029.24672117285
16,122,1,-1,132,2122.20621857288
238,240,1,-1,132,40072.3107560521
238,240,1,-1,132,40072.3107560521
239,931,1,-1,132,46327.6880731123
240,908,1,-1,132,9921.024103895
241,1295,1,-1,132,8737.80867158438
238,242,1,-1,132,22496.5157080562
243,247,1,-1,132,14524.8814180315
241,721,1,-1,132,704.729357344924
244,720,1,-1,132,20996.3380991352
242,1295,1,-1,132,19012.815139899
244,245,1,-1,132,10455.6781932924
246,719,1,-1,132,11067.01116781
11,248,1,-1,300,1633.75915809102
11,248,1,-1,300,1619.31695486481
11,271,1,-1,420,22209.6516869334
248,249,1,-1,420,9413.93076631131
250,616,1,-1,132,1421.16405614022
251,640,1,-1,300,8719.25933952188
252,640,1,-1,300,8616.01289856415
144,1090,1,-1,132,8326.61836039244
195,1356,1,-1,420,25518.0712288442
201,254,1,-1,132,41388.6727984212
254,1292,1,-1,132,26434.2787220531
96,995,1,-1,132,1551.00271760461
254,255,1,-1,132,12613.5996512587
226,1057,1,-1,132,7857.68476476066
226,612,1,-1,132,4532.24551319096
131,1191,1,-1,300,12702.775325879
256,1287,1,-1,300,4236.31165671448
204,258,1,-1,420,42319.1077183844
204,259,1,-1,300,4004.71211935602
260,876,1,-1,132,2849.47601446023
253,301,1,-1,420,46865.8224733022
262,562,1,-1,420,12054.8960924421
246,718,1,-1,132,7944.85537355929
264,563,1,-1,300,10880.3728846445
265,712,1,-1,132,6041.90597280909
265,712,1,-1,132,6041.90597280909
265,266,1,-1,132,526.634584619002
265,266,1,-1,132,526.634584619002
58,267,1,-1,300,4277.82287849154
138,557,1,-1,132,17999.2271278221
138,286,1,-1,420,6576.53337623383
138,139,1,-1,420,3368.50078787907
139,286,1,-1,420,3412.40182505346
240,268,1,-1,300,75124.7619650596
269,722,1,-1,132,9897.96544762742
59,270,1,-1,132,770.404728547387
24,271,1,-1,132,6447.34836526225
24,338,1,-1,132,2234.49961853812
24,271,1,-1,132,6459.51809177488
24,338,1,-1,132,2218.10050913162
8,272,1,-1,132,6507.51627946213
8,272,1,-1,132,6507.51627946213
229,274,1,-1,132,14748.6911500448
229,274,1,-1,132,14748.6911500448
276,281,1,-1,132,3836.41120700479
279,280,1,-1,132,2484.38296600264
278,337,1,-1,132,10042.9732766983
276,275,1,-1,132,9517.26518253971
151,282,1,-1,132,1234.99607612138
43,283,1,-1,132,2150.80171264263
43,283,1,-1,132,2150.80171264263
36,654,1,-1,132,2497.691262972
36,654,1,-1,132,2497.691262972
47,283,1,-1,132,5394.0513397803
47,283,1,-1,132,5394.0513397803
36,47,1,-1,132,726.664661018491
36,47,1,-1,132,726.664661018491
268,284,1,-1,420,1817.31927980631
284,285,1,-1,420,12480.8830330055
268,284,1,-1,300,1979.92880969928
268,284,1,-1,300,1976.75187122492
284,285,1,-1,420,12290.5965850342
285,286,1,-1,300,4119.11789995071
21,248,1,-1,300,28426.2915532381
101,277,1,-1,420,29605.1481858363
287,367,1,-1,400,44062.5430301294
276,288,1,-1,132,1413.03008000105
293,557,1,-1,132,9546.53470584826
292,295,1,-1,420,8852.0543995839
81,294,1,-1,132,16702.1691412486
81,295,1,-1,420,1059.36846625747
81,606,1,-1,132,9749.0359334154
112,296,1,-1,420,32561.1296003559
220,295,1,-1,420,100125.414916293
298,1129,1,-1,132,7321.75897177471
299,708,1,-1,132,10962.6986530859
89,25,1,-1,132,28560.2220892449
300,25,1,-1,132,1363.13489598831
23,300,1,-1,132,6087.88784188988
302,480,1,-1,132,15176.5428206393
118,460,1,-1,300,2471.48275827502
118,460,1,-1,420,2473.17922989412
304,478,1,-1,420,691.665103006912
6,779,1,-1,132,23599.7870906312
112,306,1,-1,420,6723.04160861983
14,306,1,-1,420,12447.1720975317
129,307,1,-1,132,492.534628941967
310,655,1,-1,132,3680.69507415342
43,44,1,-1,132,466.006868679499
43,44,1,-1,132,466.006868679499
91,94,1,-1,132,1935.18421308627
311,60,1,-1,132,2826.23949819005
89,93,1,-1,132,2545.44681586052
62,60,1,-1,132,3745.75350231143
311,312,1,-1,132,5030.67035232306
90,1083,1,-1,132,4779.2441137113
7,313,1,-1,132,10029.9388068398
85,317,1,-1,132,18590.0870885172
315,314,1,-1,132,15829.8234005331
316,732,1,-1,132,5326.64183630436
317,736,1,-1,132,29241.5935763871
318,1296,1,-1,132,1246.11698459545
319,1297,1,-1,132,6621.12342704924
320,1130,1,-1,132,2991.87650816486
30,321,1,-1,132,2241.84446718301
322,710,1,-1,132,11855.8640922488
323,79,1,-1,132,3570.80063879254
323,79,1,-1,132,3570.80063879254
18,324,1,-1,300,623.075075674123
18,324,1,-1,300,623.075075674123
325,289,1,-1,300,1370.49417646238
2,289,1,-1,300,550.178287236483
2,289,1,-1,300,550.178287236483
325,289,1,-1,300,1363.28519621154
327,498,1,-1,132,11789.5058358915
328,522,1,-1,420,3235.1596490437
329,971,1,-1,132,15729.1527152155
329,971,1,-1,132,15779.7329784412
330,976,1,-1,300,563.831134526837
39,65,1,-1,132,5174.37219309366
39,65,1,-1,132,5174.37219309366
331,760,1,-1,132,47006.5465508875
58,332,1,-1,132,11704.4342853091
333,753,1,-1,132,2345.18040159643
334,491,1,-1,132,20738.8538240414
34,1255,1,-1,132,847.778457729843
336,757,1,-1,132,1909.3016717216
271,25,1,-1,420,32078.5142163815
10,338,1,-1,132,965.554176688981
10,338,1,-1,132,970.70906508131
339,1191,1,-1,300,9556.91271924121
340,1191,1,-1,300,2619.35946705425
13,341,1,-1,300,5226.88842411826
341,1156,1,-1,300,1070.53708825312
233,343,1,-1,132,779.851594895146
346,344,1,-1,132,3369.90399935616
346,344,1,-1,132,3369.90399935616
346,347,1,-1,132,15457.46673295
348,785,1,-1,132,12393.1287540872
350,352,1,-1,132,2488.69859020602
350,352,1,-1,132,2520.86109651697
54,351,1,-1,132,1592.27804602626
350,352,1,-1,132,2568.66262199984
136,1135,1,-1,132,62472.3733719197
353,1298,1,-1,525,504567.974442432
356,1027,1,-1,132,5322.12784770426
357,358,1,-1,420,34873.2027830311
6,358,1,-1,420,36778.8124698149
359,1176,1,-1,300,12557.373107826
428,869,1,-1,132,20895.7430231082
359,360,1,-1,420,27431.5500749347
216,1138,1,-1,132,20581.9025546078
216,1138,1,-1,132,20581.9025546078
361,25,1,-1,420,5963.54321016635
331,364,1,-1,220,28954.1917607422
40,108,1,-1,132,11272.5465376483
133,1286,1,-1,132,2598.03021214178
133,1286,1,-1,132,2521.02109565504
366,831,1,-1,420,27329.5297901861
160,367,1,-1,420,10405.9675744145
368,1299,1,-1,420,2016.62222580245
368,1299,1,-1,420,2007.10890646711
368,1299,1,-1,420,2052.36667727124
699,368,1,-1,420,35274.6261649259
370,369,1,-1,420,858.894768941238
370,369,1,-1,420,930.05443955045
370,369,1,-1,420,931.397364150289
370,369,1,-1,420,857.395583764105
369,433,1,-1,420,12468.6495977239
329,371,1,-1,300,19204.091255436
373,966,1,-1,132,1824.0006213526
373,966,1,-1,132,1824.0006213526
372,966,1,-1,132,6947.20716079812
372,966,1,-1,132,6947.20716079812
373,967,1,-1,132,1080.37416343221
373,967,1,-1,132,1080.37416343221
166,692,1,-1,420,60261.4755722385
374,1027,1,-1,132,34915.0890185243
375,376,1,-1,420,9600.70756135963
372,378,1,-1,132,8221.09663971301
372,378,1,-1,132,8221.09663971301
378,1089,1,-1,132,3840.42389275221
378,1089,1,-1,132,3840.42389275221
380,404,1,-1,132,2181.2434924639
379,438,1,-1,132,1538.67829044986
1064,1185,1,-1,132,20342.1371440642
145,388,1,-1,132,4795.27327960513
145,388,1,-1,132,4795.27327960513
381,382,1,-1,132,1153.90437151219
381,382,1,-1,132,1153.90437151219
380,404,1,-1,132,2161.94062878577
379,438,1,-1,132,1532.59119105231
380,382,1,-1,132,2844.97283294741
372,377,1,-1,132,1092.15962581502
378,381,1,-1,132,2187.63090450085
329,383,1,-1,132,1129.35680927501
378,381,1,-1,132,2243.88265816972
145,384,1,-1,300,5946.65178105134
385,387,1,-1,132,2203.92755705036
386,1300,1,-1,132,4103.75775638111
1089,387,1,-1,132,170.298739495821
1089,387,1,-1,132,170.215525081044
385,388,1,-1,132,7256.98150853337
386,387,1,-1,132,1952.39684232163
386,387,1,-1,132,1952.39684232163
390,391,1,-1,132,7449.97946351186
359,434,1,-1,420,33701.9342088899
391,389,1,-1,132,2625.8911869658
392,389,1,-1,132,16426.8351260412
393,389,1,-1,420,25957.5345092999
394,468,1,-1,132,926.76575407963
164,395,1,-1,132,5695.34198837331
330,987,1,-1,420,1565.55248321234
141,398,1,-1,132,7472.64067594167
141,398,1,-1,132,7472.64067594167
45,1301,1,-1,132,1899.57916867475
45,1301,1,-1,132,1867.52458035462
48,403,1,-1,132,2923.69007964114
404,1302,1,-1,132,3640.19888473546
405,1303,1,-1,132,4124.59048751086
406,263,1,-1,300,2136.29208068017
1258,98,1,-1,500,74469.9044725631
407,540,1,-1,132,5899.88811140331
408,542,1,-1,132,13238.1877969024
408,542,1,-1,132,13238.1877969024
409,542,1,-1,132,10552.8724502979
409,542,1,-1,132,10552.8724502979
410,873,1,-1,132,2987.87133657522
410,873,1,-1,132,2987.87133657522
411,1220,1,-1,132,1112.87951412719
412,401,1,-1,132,13936.9200441372
414,653,1,-1,132,22684.0709688559
285,286,1,-1,420,3614.23609377008
285,286,1,-1,420,3640.65613882806
285,286,1,-1,420,3682.8758666382
285,286,1,-1,300,4088.26044568505
415,546,1,-1,132,43517.8721541303
416,1304,1,-1,420,3010.01209691093
417,556,1,-1,132,2792.63209659585
417,555,1,-1,132,3616.77970918066
416,417,1,-1,420,5955.67643724146
418,546,1,-1,132,2549.5367119597
420,422,1,-1,132,1432.44636813693
420,419,1,-1,132,3572.02168006125
419,421,1,-1,132,22791.7507477843
420,421,1,-1,132,26400.5665135252
422,1048,1,-1,132,2389.44741472427
423,424,1,-1,132,2316.70951838847
423,424,1,-1,132,2364.62701286926
421,423,1,-1,132,1280.11783274139
421,423,1,-1,132,1338.15482398662
424,425,1,-1,132,23578.1308900643
424,425,1,-1,132,23578.7589589936
425,125,1,-1,132,76726.3343842358
426,847,1,-1,132,20783.9624315366
427,837,1,-1,132,18996.9119485185
359,428,1,-1,132,22332.8927080756
393,429,1,-1,420,2030.80794481987
393,429,1,-1,420,2022.07722602933
393,429,1,-1,420,2009.75598293889
429,430,1,-1,420,25639.9910980748
430,431,1,-1,420,2799.12115111497
430,431,1,-1,420,2788.38111493766
430,431,1,-1,420,2824.66956938334
431,432,1,-1,420,20344.7064918013
432,433,1,-1,420,2195.67678736849
432,433,1,-1,420,2214.74986668466
432,433,1,-1,420,2210.96327036784
434,389,1,-1,420,3382.66542711193
437,436,1,-1,132,8500.87868627653
438,1188,1,-1,300,17553.4717060446
439,1179,1,-1,132,3730.7943441015
440,1094,1,-1,300,953.52029579735
440,1094,1,-1,300,944.645037878152
440,441,1,-1,420,5884.29362035898
442,1094,1,-1,300,516.870909292776
360,441,1,-1,420,38819.6877895266
443,445,1,-1,420,13337.5873906998
258,444,1,-1,420,4782.79929156814
444,445,1,-1,300,2341.43117594187
444,445,1,-1,300,2355.77453176462
146,389,1,-1,420,9629.92461759201
444,445,1,-1,420,2147.12669731379
443,446,1,-1,300,3130.58765525363
443,446,1,-1,300,2860.48739995339
443,446,1,-1,420,3187.44566641071
447,448,1,-1,300,1755.52541860762
447,448,1,-1,300,1752.46796553481
447,448,1,-1,300,1766.64507537135
447,448,1,-1,300,1767.52805639612
447,448,1,-1,300,1765.62411689476
204,447,1,-1,300,2276.88961365919
204,447,1,-1,300,2292.79895879802
204,447,1,-1,300,2351.54758265117
449,1162,1,-1,300,1849.30243038491
449,1162,1,-1,300,1859.35552049515
450,451,1,-1,132,1288.81811956316
329,1171,1,-1,300,7204.36591254435
452,458,1,-1,132,3081.57495574589
448,453,1,-1,300,12379.1672288811
448,453,1,-1,300,12351.0280050412
455,454,1,-1,132,11626.0993004374
392,456,1,-1,132,5017.1682686881
220,457,1,-1,420,77314.7931418048
458,1302,1,-1,132,1212.80334281842
459,975,1,-1,132,9634.29031298358
459,972,1,-1,132,10177.4680948556
1064,1181,1,-1,132,15360.0444462574
302,460,1,-1,300,932.749391637607
302,460,1,-1,420,936.132584147132
302,41,1,-1,300,25511.6067838561
302,303,1,-1,420,22595.6393548692
461,467,1,-1,132,3934.86386662394
461,462,1,-1,132,1579.79583245687
461,462,1,-1,132,1576.93133764609
461,462,1,-1,132,1586.50197780001
463,477,1,-1,132,26754.1799211167
463,477,1,-1,132,25884.4996931292
463,477,1,-1,132,26094.8751532651
462,463,1,-1,132,7238.04418226924
463,464,1,-1,300,4947.35551268045
464,465,1,-1,300,1752.0544133798
464,465,1,-1,300,2165.77566683204
465,41,1,-1,300,24432.8191713554
466,1305,1,-1,300,10048.132626039
41,481,1,-1,300,1707.40404215415
41,481,1,-1,300,1707.40404215415
468,469,1,-1,132,2251.94680136468
469,1080,1,-1,132,3707.03689912455
470,1079,1,-1,132,7918.09959268112
471,1066,1,-1,132,11152.7241959742
472,474,1,-1,132,1553.56802186866
472,474,1,-1,132,1487.77717348414
472,474,1,-1,132,1511.32390729014
472,473,1,-1,132,549.522115915407
474,1306,1,-1,132,6902.88816853619
475,476,1,-1,132,2752.51895905945
475,476,1,-1,132,2756.2974456268
476,1306,1,-1,132,3816.84984108419
475,476,1,-1,132,2761.16344294219
475,477,1,-1,132,4891.19967586793
479,488,1,-1,132,3529.7252426543
479,488,1,-1,132,3476.60945199079
479,480,1,-1,132,9775.91493650071
482,489,1,-1,132,6538.6350496055
482,483,1,-1,420,28043.3344304399
482,484,1,-1,420,21107.096350459
304,484,1,-1,420,1744.70582632445
304,484,1,-1,420,1747.1815859905
304,484,1,-1,420,1740.44218511268
478,303,1,-1,420,3020.76219984801
485,508,1,-1,132,8303.69804941395
486,487,1,-1,132,1125.34689079403
486,487,1,-1,132,1128.49613784038
486,487,1,-1,132,1125.27903657306
485,487,1,-1,132,28656.8732927267
486,488,1,-1,132,9419.93741238879
483,490,1,-1,132,5424.52864395905
483,491,1,-1,132,19729.2937032155
492,913,1,-1,132,9011.92798689671
492,493,1,-1,132,25292.2147875698
499,509,1,-1,132,3306.26352347873
497,494,1,-1,132,1077.32553487006
499,509,1,-1,132,3316.66156021488
499,509,1,-1,132,3330.23276192066
496,495,1,-1,132,683.092793094137
498,326,1,-1,132,2299.39798414654
499,509,1,-1,420,3145.02214396166
499,509,1,-1,420,3114.87610118408
499,509,1,-1,420,3144.96521893127
327,1249,1,-1,420,6797.50753908821
327,501,1,-1,132,1070.47468841553
498,326,1,-1,132,2552.46088884459
498,326,1,-1,132,2513.80623669222
327,501,1,-1,132,1081.15913347438
497,496,1,-1,132,7175.00665299323
501,494,1,-1,132,5526.51539517718
502,503,1,-1,420,1669.89748175459
327,503,1,-1,420,15311.4420874326
502,503,1,-1,420,1671.61258489921
502,503,1,-1,420,1670.84875480699
483,502,1,-1,420,64305.2708775745
504,505,1,-1,132,14759.8181180864
500,1276,1,-1,132,13082.9679745539
492,505,1,-1,132,10130.453808865
493,506,1,-1,132,1502.29176858766
508,507,1,-1,132,849.725885689459
507,513,1,-1,132,20172.0202877906
483,507,1,-1,132,32880.9000134365
509,512,1,-1,132,18841.8157376642
509,511,1,-1,420,21634.9321903711
510,521,1,-1,420,21186.708826164
510,511,1,-1,420,2189.89660889591
515,514,1,-1,132,2401.54955276861
510,511,1,-1,420,2197.42505929024
510,511,1,-1,420,2193.46850463677
518,517,1,-1,132,3729.48080318318
517,921,1,-1,132,10178.5401734751
519,516,1,-1,132,1537.09052911359
328,519,1,-1,420,18714.0439350608
519,520,1,-1,420,7939.85721047219
520,521,1,-1,420,2923.34103105389
522,523,1,-1,420,20262.0826619025
523,1308,1,-1,132,19038.4128903726
524,525,1,-1,420,2912.51906043951
524,525,1,-1,420,2964.40237569812
523,525,1,-1,420,10019.7908534799
328,522,1,-1,420,3264.39633182708
328,522,1,-1,420,3255.75556376112
528,529,1,-1,132,1044.10012033001
529,530,1,-1,132,4850.25402864046
528,526,1,-1,132,6518.28699669868
518,526,1,-1,132,3687.30776927098
531,532,1,-1,132,10293.5999098661
531,532,1,-1,132,10293.5999098661
532,533,1,-1,132,2817.34170073348
532,533,1,-1,132,2817.34170073348
532,538,1,-1,132,27525.0279335675
532,538,1,-1,132,27525.0279335675
524,532,1,-1,420,4580.16417136987
533,543,1,-1,132,31123.103860387
534,535,1,-1,132,1791.65504234683
535,536,1,-1,132,3820.92403349122
536,537,1,-1,132,1671.83909523818
537,923,1,-1,132,3878.3259705849
537,538,1,-1,132,7220.75072672112
537,538,1,-1,132,7220.75072672112
539,916,1,-1,132,1482.21876071347
410,873,1,-1,132,2977.14401900521
410,873,1,-1,132,2977.14401900521
531,541,1,-1,132,1552.99988956924
541,542,1,-1,132,8606.17081101748
541,542,1,-1,132,8606.17081101748
531,541,1,-1,132,1533.43779665527
541,542,1,-1,132,8548.3684428598
541,542,1,-1,132,8548.3684428598
531,541,1,-1,132,1547.94416492434
531,541,1,-1,132,1535.6397524612
531,532,1,-1,132,10286.4931595364
531,532,1,-1,132,10286.4931595364
534,543,1,-1,132,9312.51948665418
544,545,1,-1,132,8709.27127971017
533,545,1,-1,132,17076.0776191522
546,548,1,-1,132,28459.8552015056
544,547,1,-1,132,22010.2347944937
548,549,1,-1,132,3951.07942840227
549,554,1,-1,132,491.13722030703
550,553,1,-1,132,29189.091873595
551,555,1,-1,132,13439.4807162899
551,1309,1,-1,132,7570.45205897547
551,1309,1,-1,132,7537.27382548051
551,552,1,-1,132,18981.8401747937
551,553,1,-1,132,22385.3521416651
552,553,1,-1,132,7841.60198656654
415,553,1,-1,132,24914.2358665283
554,1222,1,-1,132,5703.04682115225
139,553,1,-1,420,42761.1348193567
555,556,1,-1,132,1000.66651246219
550,556,1,-1,132,12542.2759880426
139,546,1,-1,420,42369.8208653002
139,415,1,-1,132,24641.8233835193
285,286,1,-1,420,4126.97850848146
558,907,1,-1,132,28120.6241577449
558,559,1,-1,132,8554.94335165273
138,559,1,-1,132,11346.1732422511
129,138,1,-1,132,61255.292758405
138,253,1,-1,300,97633.9910866779
253,293,1,-1,132,71119.6995473113
253,560,1,-1,132,49144.50302631
560,1310,1,-1,132,648.750019443517
561,1272,1,-1,132,12182.5787958782
562,301,1,-1,420,12362.9336391198
563,263,1,-1,300,10657.1312966036
149,1198,1,-1,420,12346.7424228192
564,565,1,-1,300,9519.3741612281
264,565,1,-1,300,10016.5291723743
564,566,1,-1,420,9994.03819842872
566,567,1,-1,420,10077.2746540856
262,567,1,-1,420,9664.64784015
149,564,1,-1,300,19485.1746103348
568,572,1,-1,300,41276.2425811004
568,569,1,-1,300,16380.4316677362
221,363,1,-1,420,14474.480384798
112,221,1,-1,420,77810.9391745289
57,221,1,-1,420,34887.4856483285
221,570,1,-1,300,452.956204440785
571,575,1,-1,420,12531.4886117613
57,571,1,-1,300,1107.18493140847
57,571,1,-1,420,1074.74935655898
571,572,1,-1,300,22491.632701974
221,292,1,-1,420,113831.995627267
573,1311,1,-1,132,36062.5079750624
574,575,1,-1,300,3458.95356755288
573,574,1,-1,132,3949.92751051057
574,575,1,-1,300,3511.28235861684
360,576,1,-1,420,4747.97390400875
360,577,1,-1,300,3385.3349082347
578,579,1,-1,132,18412.8839107638
579,597,1,-1,132,14766.2044975506
580,581,1,-1,132,29586.5714906942
581,582,1,-1,132,1728.2718500831
578,582,1,-1,132,7080.66162974362
581,1312,1,-1,132,3016.7964580892
582,583,1,-1,132,7910.03869307014
586,1311,1,-1,132,20123.7019662581
586,587,1,-1,132,13433.7042287855
248,588,1,-1,420,45853.1859998234
11,1268,1,-1,132,37585.0845607826
11,1268,1,-1,132,37585.0845607826
1268,589,1,-1,132,956.24240477884
590,1313,1,-1,132,27446.6356198159
591,1313,1,-1,132,24373.8196632432
592,594,1,-1,132,586.096303178901
593,1278,1,-1,132,4150.80514136003
593,1278,1,-1,132,4150.80514136003
592,594,1,-1,132,571.476183626793
593,595,1,-1,132,2120.35665285704
593,595,1,-1,132,2120.35665285704
595,596,1,-1,132,943.137286069345
595,596,1,-1,132,942.292083933442
596,597,1,-1,132,7427.23634280416
596,597,1,-1,132,7427.23634280416
597,598,1,-1,132,854.249789595736
597,1194,1,-1,132,6885.68738509549
299,599,1,-1,132,21010.7249327287
600,601,1,-1,132,843.190986922514
600,601,1,-1,132,841.695707046863
299,601,1,-1,132,17537.1089297549
299,601,1,-1,132,17537.1089297549
58,602,1,-1,132,13776.6466197262
294,603,1,-1,132,2671.65322985379
294,603,1,-1,132,2671.65322985379
294,604,1,-1,132,16339.6027039986
295,575,1,-1,420,77215.2150400198
586,604,1,-1,132,1501.33041775773
606,605,1,-1,132,2649.400034998
606,605,1,-1,132,2649.400034998
607,610,1,-1,132,5486.40126218934
21,81,1,-1,420,41398.8943724678
607,608,1,-1,132,15602.1895243127
610,609,1,-1,132,775.856877979708
610,609,1,-1,132,775.856877979708
610,611,1,-1,132,3293.52819576302
606,611,1,-1,132,17137.0088008212
21,248,1,-1,420,28341.0507908996
248,588,1,-1,420,46253.8787882868
250,1282,1,-1,132,28032.4219936518
271,1282,1,-1,132,24771.7118938611
250,613,1,-1,132,4851.48604597629
250,618,1,-1,132,9053.3300636964
612,613,1,-1,132,41282.1318642979
614,1273,1,-1,420,28767.5346912014
249,615,1,-1,420,40703.0289160413
616,1314,1,-1,132,748.047208773427
250,617,1,-1,132,29513.7590863238
617,618,1,-1,132,20601.8969685278
618,619,1,-1,132,1024.05707957712
618,619,1,-1,132,1058.71264624463
620,619,1,-1,132,1535.34747253409
620,619,1,-1,132,1535.34747253409
620,622,1,-1,132,1440.2710540479
620,622,1,-1,132,1499.01171222833
621,622,1,-1,132,658.698621555965
614,623,1,-1,300,9402.07340543176
614,623,1,-1,420,9455.67890433163
624,625,1,-1,132,14728.3316885117
625,1314,1,-1,132,11741.3776681839
624,625,1,-1,132,14517.0075233993
625,1273,1,-1,132,31021.3312202303
626,1076,1,-1,420,24400.9556633639
226,627,1,-1,420,25933.7174157765
612,1315,1,-1,132,1827.4062258945
628,1076,1,-1,300,599.042679769687
227,629,1,-1,420,66888.5098235327
520,521,1,-1,420,2938.01431271798
520,521,1,-1,420,2946.84956056448
630,218,1,-1,300,9509.4130989828
631,639,1,-1,420,9461.39507182843
632,633,1,-1,420,9472.12350978654
631,633,1,-1,420,10080.3893009494
632,634,1,-1,420,7957.60188446476
634,635,1,-1,420,20186.2246218
252,640,1,-1,420,8590.91768995579
636,644,1,-1,420,9298.46233344802
636,637,1,-1,420,9341.38082151448
637,638,1,-1,420,9053.67953021823
638,639,1,-1,420,8850.86016614274
251,623,1,-1,300,18149.1275151777
251,623,1,-1,420,18112.0852356918
251,640,1,-1,420,8732.72823756579
144,641,1,-1,420,15585.3999853259
642,1273,1,-1,132,7898.04681340759
144,617,1,-1,132,20993.148419651
643,645,1,-1,420,10032.3514647688
177,644,1,-1,420,9668.78286119861
645,647,1,-1,420,7611.99874428392
142,646,1,-1,420,1359.59004909221
646,647,1,-1,420,974.098326679236
142,646,1,-1,420,1361.19322556917
142,646,1,-1,420,1424.74251223499
66,142,1,-1,420,4496.94162044166
142,646,1,-1,420,1360.92017256808
142,646,1,-1,420,1426.54001432454
142,646,1,-1,420,1425.99192542792
648,1290,1,-1,132,5681.69199412437
144,617,1,-1,132,21023.8634910352
43,144,1,-1,420,21174.2571171405
47,50,1,-1,132,4958.52263202937
25,649,1,-1,420,46802.2689975432
144,649,1,-1,420,2382.10274625327
144,649,1,-1,420,2382.10274625327
649,650,1,-1,420,725.959821954028
140,342,1,-1,420,7783.86696677397
651,1316,1,-1,132,22764.3539591297
651,1316,1,-1,132,22764.3539591297
141,1101,1,-1,132,5297.98672674805
141,652,1,-1,132,1238.37075604855
141,652,1,-1,132,1238.37075604855
141,1316,1,-1,132,492.785494000837
141,1316,1,-1,132,492.322070257594
141,653,1,-1,132,3579.95660215599
398,399,1,-1,132,811.298679393184
398,399,1,-1,132,811.298679393184
398,399,1,-1,132,867.817911712028
398,399,1,-1,132,867.817911712028
398,654,1,-1,132,2542.64675247179
398,654,1,-1,132,2542.64675247179
656,1317,1,-1,132,2892.53552756331
657,1318,1,-1,132,4014.75044484484
657,1244,1,-1,132,18626.3293872398
659,658,1,-1,132,4557.4565722865
176,1259,1,-1,300,14958.7776467267
206,660,1,-1,132,19883.1144025862
206,660,1,-1,132,19883.1144025862
661,1242,1,-1,132,5309.73695273758
662,665,1,-1,420,5207.11148040735
342,662,1,-1,420,10115.8906093602
663,652,1,-1,132,24079.2671460527
234,665,1,-1,420,8243.74051168636
666,667,1,-1,132,675.554206725888
663,667,1,-1,132,751.484680052192
100,668,1,-1,132,4936.40292660057
663,667,1,-1,132,750.360051266718
343,669,1,-1,420,40537.5808132638
670,671,1,-1,132,16974.9539565189
233,671,1,-1,132,10532.6728123028
231,672,1,-1,420,7319.44456974999
343,673,1,-1,420,10570.4925143371
674,675,1,-1,132,4610.8446688944
217,675,1,-1,132,5920.51452803247
215,676,1,-1,132,9825.84918579983
676,677,1,-1,132,6504.47880828812
674,678,1,-1,132,416.722657803257
347,679,1,-1,132,4869.0212848119
681,680,1,-1,132,922.977500795185
347,681,1,-1,132,10961.9530241973
681,682,1,-1,132,8815.20840701442
683,1319,1,-1,132,1843.49265903991
684,685,1,-1,132,7581.18473368678
230,685,1,-1,132,8150.56212164444
679,684,1,-1,132,6822.5798630951
68,344,1,-1,132,27798.4908377704
274,1137,1,-1,132,2084.28371092401
274,686,1,-1,132,6129.6351904012
672,98,1,-1,420,34968.6957066411
343,687,1,-1,420,75081.47347182
207,702,1,-1,132,28626.9901243475
207,702,1,-1,132,28626.9901243475
274,686,1,-1,132,6124.85452370943
15,688,1,-1,132,568.395654662978
15,688,1,-1,132,568.395654662978
98,237,1,-1,132,6215.89586573005
98,130,1,-1,132,11815.9616072846
98,130,1,-1,132,11815.9616072846
190,185,1,-1,420,27400.4772548443
426,1132,1,-1,132,33434.1309089602
690,980,1,-1,132,7906.57008753121
690,1303,1,-1,132,1502.59082484114
868,691,1,-1,132,3830.45521042561
868,691,1,-1,132,3830.45521042561
868,691,1,-1,132,3749.90681561259
868,691,1,-1,132,3749.90681561259
106,104,1,-1,132,36832.4000769256
105,104,1,-1,132,3930.58869624802
692,1320,1,-1,300,30221.8942604075
161,822,1,-1,132,29562.6205472021
136,693,1,-1,132,3068.19026847313
126,694,1,-1,132,38527.3812109776
695,694,1,-1,132,29267.1231761542
695,694,1,-1,132,29187.8749902012
696,1135,1,-1,132,13134.541220441
136,768,1,-1,132,22481.5467426152
351,357,1,-1,132,13721.7321376082
160,697,1,-1,132,11505.7586785587
698,1299,1,-1,420,1911.93211953644
700,261,1,-1,132,2385.89921695082
148,850,1,-1,132,3608.19989699028
67,701,1,-1,132,833.277888867432
67,701,1,-1,132,833.277888867432
206,207,1,-1,132,15537.075567489
206,207,1,-1,132,15537.075567489
98,273,1,-1,420,120346.498663423
686,702,1,-1,132,11648.1678233311
686,702,1,-1,132,11648.1678233311
203,635,1,-1,420,53191.0714032286
172,703,1,-1,420,10347.3031717194
273,703,1,-1,420,9645.04224576729
704,1002,1,-1,300,21400.580357306
704,1002,1,-1,300,21433.9588086575
180,182,1,-1,420,12201.6821614457
705,178,1,-1,300,2751.57540537586
183,706,1,-1,420,29737.2578575877
127,707,1,-1,132,63562.4340000168
707,741,1,-1,132,50216.4208412936
322,708,1,-1,132,10118.8123056544
709,710,1,-1,132,17236.7906803268
591,710,1,-1,132,1361.6705428471
149,711,1,-1,300,64353.2045086116
266,267,1,-1,420,56107.2750531303
266,149,1,-1,420,39370.6430086058
712,713,1,-1,132,12591.5018783741
265,299,1,-1,132,24986.5445423774
265,299,1,-1,132,24986.5445423774
709,713,1,-1,132,10909.136779408
711,714,1,-1,300,54769.1449362254
70,297,1,-1,132,27470.3564274991
713,297,1,-1,132,6316.8205111096
267,742,1,-1,420,47149.9922705357
58,1321,1,-1,132,1206.260802303
9,292,1,-1,420,55514.4613504222
602,716,1,-1,132,829.708063139603
308,717,1,-1,132,7424.91715439582
241,246,1,-1,132,58752.7189779313
718,720,1,-1,132,7068.83157023142
719,724,1,-1,132,7155.91908307201
241,721,1,-1,132,691.146711273225
722,726,1,-1,132,7830.12082666323
269,723,1,-1,132,8358.77042718616
723,724,1,-1,132,8465.53964905558
725,726,1,-1,300,586.332139964927
726,1204,1,-1,300,86210.1672851103
726,727,1,-1,132,54473.3227450552
728,729,1,-1,132,5647.13887135552
729,1279,1,-1,132,688.139387128989
729,1279,1,-1,132,690.442764413067
729,727,1,-1,132,63031.1263957762
728,354,1,-1,132,26455.1444390867
730,1109,1,-1,132,34988.9891762482
291,732,1,-1,132,18355.4635223664
317,314,1,-1,132,46689.7785888305
315,733,1,-1,132,2190.6080493219
315,733,1,-1,132,2190.6080493219
315,732,1,-1,132,16866.4480560168
735,1114,1,-1,132,8417.85825391925
162,154,1,-1,132,23397.5185807157
162,154,1,-1,132,23397.5185807157
291,1204,1,-1,420,59720.8280486453
291,29,1,-1,132,12815.9263005855
298,321,1,-1,132,5753.97854902646
291,739,1,-1,420,10039.5259920428
356,291,1,-1,132,16265.3462410957
737,1141,1,-1,420,9006.78514843062
27,738,1,-1,420,11137.8314892571
738,739,1,-1,420,11395.6934606631
253,740,1,-1,132,2898.93004709686
741,305,1,-1,132,33412.2118404122
9,115,1,-1,420,14595.9098580894
9,115,1,-1,300,14595.9098580894
115,64,1,-1,420,45967.5228290941
3,115,1,-1,300,16051.488635454
325,742,1,-1,300,824.17323627345
325,742,1,-1,300,824.17323627345
742,38,1,-1,300,1830.47533986942
3,743,1,-1,300,1368.36619099158
743,744,1,-1,300,10329.7697397257
744,746,1,-1,300,10094.1793244047
745,31,1,-1,132,8034.83005539676
745,717,1,-1,132,27479.6856605459
1,746,1,-1,300,9680.59200862955
37,748,1,-1,132,1216.44898675319
37,748,1,-1,132,1216.44898675319
101,1355,1,-1,420,37978.2949351952
361,277,1,-1,420,10610.4835761296
749,750,1,-1,132,574.291369125526
749,750,1,-1,132,567.134404238667
749,750,1,-1,132,569.539190759841
750,756,1,-1,132,26586.7679977576
752,754,1,-1,132,5377.35671067256
752,751,1,-1,132,2309.64897346069
752,751,1,-1,132,2309.64897346069
365,753,1,-1,132,5518.40600315539
752,753,1,-1,132,33531.472590243
749,754,1,-1,132,6891.22995128184
754,755,1,-1,150,10607.7773116189
331,365,1,-1,132,133004.907470543
331,756,1,-1,132,69611.8353596702
331,759,1,-1,132,10543.8047964312
331,336,1,-1,132,48246.6620294131
758,760,1,-1,132,34890.9952109713
758,759,1,-1,132,4079.54240630672
760,305,1,-1,132,32251.8920938742
760,305,1,-1,132,32259.5985942716
135,707,1,-1,132,26166.1796541005
421,423,1,-1,132,1337.25271901511
421,423,1,-1,132,1348.5097043235
421,423,1,-1,132,1286.30577734261
421,423,1,-1,132,1289.35328894146
126,1115,1,-1,132,52695.2458723949
762,761,1,-1,132,450.306887565176
695,761,1,-1,132,997.454791812826
763,764,1,-1,132,1557.4989105703
764,766,1,-1,132,3410.83738725402
123,763,1,-1,132,18500.3831609503
765,767,1,-1,132,2354.20940285174
765,766,1,-1,132,9212.47717189926
765,767,1,-1,132,2341.17849115734
765,767,1,-1,132,2390.73713717004
761,767,1,-1,132,15133.5348936336
768,771,1,-1,132,28780.8254000456
768,769,1,-1,132,10705.2325076662
107,769,1,-1,132,2123.27221006346
107,769,1,-1,132,2139.50639401282
768,769,1,-1,132,10672.7329974439
108,133,1,-1,132,1256.1456703336
102,1266,1,-1,132,26571.0086123768
102,772,1,-1,132,6344.67158580548
696,773,1,-1,132,949.299540610842
696,773,1,-1,132,1150.47311009484
773,774,1,-1,132,4076.35238432049
696,773,1,-1,132,938.984431903129
774,775,1,-1,132,1456.99997896772
761,775,1,-1,132,13663.439296224
774,775,1,-1,132,1474.76313364907
774,775,1,-1,132,1447.09882776103
136,776,1,-1,420,32500.9978473514
777,779,1,-1,132,22587.6467527333
6,777,1,-1,132,1027.69829509696
6,768,1,-1,132,37716.3117120169
6,778,1,-1,132,37309.3018713292
6,778,1,-1,132,37375.3907366004
779,780,1,-1,132,8432.14206528579
779,780,1,-1,132,8412.28014565532
1084,781,1,-1,132,330.357535901276
1084,781,1,-1,132,324.901920563785
778,781,1,-1,132,12382.6162481834
358,776,1,-1,420,35727.7684702552
357,358,1,-1,420,34844.1389779528
84,782,1,-1,132,43492.1483319031
55,357,1,-1,132,17447.8163356344
357,783,1,-1,420,16024.0650159128
357,783,1,-1,420,16129.3534585075
784,789,1,-1,132,14587.2305225481
785,1045,1,-1,132,23040.0149440519
786,787,1,-1,132,1105.48773692798
787,790,1,-1,132,16891.7910741584
785,788,1,-1,132,10335.030418364
788,789,1,-1,132,2330.45966865706
790,1205,1,-1,132,15853.7794291071
790,791,1,-1,132,19047.5516310375
793,792,1,-1,132,3939.9335493799
792,1149,1,-1,132,27356.5376165962
794,801,1,-1,132,22152.8050449763
795,803,1,-1,132,7792.26092802464
796,28,1,-1,132,1815.61499398066
797,1322,1,-1,132,1360.46377432148
798,799,1,-1,132,3532.32953825845
799,800,1,-1,132,943.936301835534
132,800,1,-1,132,748.55465154581
794,802,1,-1,132,681.699059935905
802,803,1,-1,132,3717.43341102292
804,806,1,-1,132,1791.46384949302
804,806,1,-1,132,1771.20280363865
804,806,1,-1,132,1778.60902566492
805,807,1,-1,132,1574.11142931956
805,807,1,-1,132,1550.45218899249
805,807,1,-1,132,1555.23560219933
798,805,1,-1,132,6786.58753321931
798,806,1,-1,132,17959.5048719393
807,1047,1,-1,132,28692.1898990347
134,808,1,-1,132,1591.02562012275
134,808,1,-1,132,1567.92647484286
134,808,1,-1,132,1570.91486617037
785,808,1,-1,132,6460.11138102928
76,809,1,-1,132,478.394440744732
810,1323,1,-1,132,5935.49944692847
77,1323,1,-1,132,6853.12238561304
811,1323,1,-1,132,3023.95619787657
783,812,1,-1,420,1879.73423541382
783,812,1,-1,420,1878.44820890677
783,812,1,-1,420,1885.7366998685
783,812,1,-1,420,1926.68092871869
783,812,1,-1,420,1949.31776411677
783,812,1,-1,420,1935.93549783695
813,1324,1,-1,132,849.635603784381
55,813,1,-1,132,4221.55710380918
813,1325,1,-1,132,13341.6842819487
160,814,1,-1,420,12043.7775907912
160,812,1,-1,420,32494.1638258415
815,816,1,-1,132,1691.46197896815
815,816,1,-1,132,1691.25846267824
815,816,1,-1,132,1576.84737896703
816,1049,1,-1,132,5539.51036411375
815,817,1,-1,132,11532.5975014489
818,819,1,-1,132,1572.09358852606
818,819,1,-1,132,1588.3301223668
818,819,1,-1,132,1293.32577110332
819,1049,1,-1,132,12654.5102168171
820,821,1,-1,132,1874.10219935956
818,821,1,-1,132,7388.32095663199
820,821,1,-1,132,1928.64887662642
820,822,1,-1,132,4793.93656518806
348,823,1,-1,132,7451.72873315163
822,823,1,-1,132,29380.6313039518
822,1326,1,-1,132,8129.02676342981
824,825,1,-1,420,2779.81974402699
824,825,1,-1,420,2773.85449654968
824,825,1,-1,420,2804.03335543579
698,824,1,-1,420,32230.0831660255
826,827,1,-1,420,1812.08638268535
826,827,1,-1,420,1812.02393750437
826,827,1,-1,420,1811.15698095629
827,828,1,-1,420,2350.28162381226
828,830,1,-1,420,2362.79924400132
828,830,1,-1,420,2394.56173023108
828,830,1,-1,420,2376.95557760218
826,825,1,-1,420,7060.16178694408
366,829,1,-1,420,1629.67149832013
366,829,1,-1,420,1629.81059284193
366,829,1,-1,420,1628.8429740258
829,830,1,-1,420,12820.0630041983
814,831,1,-1,420,1359.80573180486
814,831,1,-1,420,1345.69241116658
814,831,1,-1,420,1333.23557389678
699,832,1,-1,132,8729.29161862007
699,832,1,-1,132,8683.11102218737
699,833,1,-1,132,15220.1679185698
834,836,1,-1,132,790.427628012452
427,835,1,-1,132,540.200051302225
427,836,1,-1,132,1155.72500673635
838,837,1,-1,132,2050.50446558697
838,837,1,-1,132,2062.2204076931
838,839,1,-1,132,864.080713572129
838,839,1,-1,132,870.707744748267
838,839,1,-1,132,926.294222608292
838,839,1,-1,132,925.981900421394
838,839,1,-1,132,925.210067488012
839,840,1,-1,132,647.614002090827
838,839,1,-1,132,866.922728771993
839,840,1,-1,132,647.55977809523
840,841,1,-1,132,1207.72048556967
840,841,1,-1,132,1195.35517937812
840,841,1,-1,132,1152.5721401883
840,841,1,-1,132,1173.50986079922
840,841,1,-1,132,1198.20236877655
427,837,1,-1,132,18892.485978256
840,841,1,-1,132,1159.43153667739
426,841,1,-1,132,12188.8482177944
832,841,1,-1,132,20357.4410088648
832,1327,1,-1,132,3138.29787801741
832,1327,1,-1,132,3140.9946079816
844,843,1,-1,132,4279.96503329633
844,842,1,-1,132,8426.51982268582
845,843,1,-1,132,11392.5369296828
842,846,1,-1,132,12753.9517407119
832,842,1,-1,132,37467.7012521109
847,75,1,-1,132,1501.16515252138
847,75,1,-1,132,1491.2837360102
847,75,1,-1,132,1340.31670937783
75,1328,1,-1,132,2668.35407923105
113,848,1,-1,132,38827.84185501
846,848,1,-1,132,1406.00145941393
846,848,1,-1,132,1418.61573044203
846,848,1,-1,132,1411.23878939753
849,853,1,-1,132,3523.73048563421
851,862,1,-1,132,6076.92082413651
852,850,1,-1,132,13256.0399523592
155,113,1,-1,132,20190.9417340247
851,853,1,-1,132,3049.46102463779
851,853,1,-1,132,2683.80917900563
851,853,1,-1,132,3085.32042378346
849,854,1,-1,132,14899.4641988706
855,856,1,-1,132,23280.8492696824
856,857,1,-1,132,1094.47028792919
856,857,1,-1,132,1094.29712395962
857,858,1,-1,132,5222.63650313298
856,857,1,-1,132,1095.40407979029
860,859,1,-1,132,7930.81656378184
860,861,1,-1,132,4621.08382601732
861,862,1,-1,132,19738.3505092918
864,865,1,-1,132,2323.35427515158
865,863,1,-1,132,8625.08338058324
864,866,1,-1,132,3120.44447413627
866,858,1,-1,132,28576.8972315417
858,867,1,-1,132,8579.47388812937
868,868,1,-1,132,734.429252319072
868,868,1,-1,132,744.874621310203
868,868,1,-1,132,755.250193408811
868,868,1,-1,132,765.464363736132
137,691,1,-1,132,3735.45656281869
137,858,1,-1,132,29438.3995266645
870,1329,1,-1,132,5923.45226729271
870,871,1,-1,132,9351.50549524324
410,872,1,-1,132,3916.89024079457
410,872,1,-1,132,3916.89024079457
410,872,1,-1,132,3939.53807946306
410,872,1,-1,132,3939.53807946306
872,540,1,-1,132,1382.0051902642
872,540,1,-1,132,1382.0051902642
872,540,1,-1,132,1398.38244647825
872,540,1,-1,132,1398.38244647825
873,874,1,-1,132,785.205656109411
873,874,1,-1,132,785.205656109411
873,874,1,-1,132,779.759093550107
873,874,1,-1,132,779.759093550107
408,874,1,-1,132,4171.98493849925
408,874,1,-1,132,4171.98493849925
409,874,1,-1,132,3647.36606893167
409,874,1,-1,132,3647.36606893167
411,875,1,-1,132,5563.8657940902
876,877,1,-1,132,1213.42088407272
700,877,1,-1,132,8793.31075209564
691,1330,1,-1,132,19597.4444955324
106,691,1,-1,132,39852.5982250094
106,691,1,-1,132,39852.5982250094
106,868,1,-1,420,39011.573742281
106,878,1,-1,132,10542.9467551803
106,692,1,-1,420,168130.288919825
106,879,1,-1,132,18535.6638044482
106,1331,1,-1,220,57773.7183579744
105,879,1,-1,132,24523.4727434856
105,880,1,-1,132,32674.246594495
881,1320,1,-1,300,8271.42751002358
105,881,1,-1,300,103602.760015035
165,882,1,-1,300,579.525256398851
165,882,1,-1,300,564.754989831443
165,887,1,-1,132,3178.48341366662
883,898,1,-1,132,22034.4777819944
886,885,1,-1,132,1623.87989163128
886,887,1,-1,132,3093.32552934793
886,887,1,-1,132,3100.33813102817
886,887,1,-1,132,3103.37301152623
885,888,1,-1,132,11154.0613236875
888,884,1,-1,132,3636.33913091867
880,891,1,-1,132,34453.2657822729
889,1332,1,-1,132,1729.88680507019
889,890,1,-1,132,22522.4623325131
885,890,1,-1,132,22971.7505556335
891,892,1,-1,132,5227.4335455114
892,1332,1,-1,132,5713.27021292821
880,893,1,-1,132,13726.4142889434
893,895,1,-1,132,2305.14049871387
894,896,1,-1,132,13082.5988349171
894,895,1,-1,132,4496.3644954286
896,863,1,-1,132,30056.6032817016
898,899,1,-1,132,1402.78976035938
898,899,1,-1,132,1319.15569532653
898,899,1,-1,132,1412.73741781312
899,897,1,-1,132,12172.2288141391
165,883,1,-1,132,646.812039285168
166,902,1,-1,420,81779.3558165039
901,900,1,-1,132,1969.02944389892
901,902,1,-1,132,6896.97365874286
901,902,1,-1,132,6896.97365874286
1060,1333,1,-1,132,12389.5656534295
903,1063,1,-1,132,7557.84213471913
903,904,1,-1,132,2168.73525135936
152,5,1,-1,420,78611.5225685738
152,254,1,-1,300,42846.0028080684
4,254,1,-1,300,29852.658997931
201,1003,1,-1,132,2329.02020079419
905,1003,1,-1,132,670.821237634857
905,1003,1,-1,132,670.821237634857
201,906,1,-1,132,2418.08939561216
5,195,1,-1,420,74972.5912102405
5,929,1,-1,420,83143.4507334199
909,926,1,-1,132,22793.9198841555
909,910,1,-1,132,31025.666778063
480,1134,1,-1,132,13431.2269820129
190,911,1,-1,525,53166.7466669199
913,912,1,-1,132,670.591866667161
912,1334,1,-1,132,4837.16161103846
539,914,1,-1,132,1503.42348605307
914,915,1,-1,132,1383.28576412865
916,1092,1,-1,132,1241.1290904878
914,918,1,-1,132,5322.69677114012
917,919,1,-1,132,5081.2090572734
917,918,1,-1,132,6836.86080004424
919,920,1,-1,132,2379.229199917
527,920,1,-1,132,3362.83889542636
527,530,1,-1,132,1858.96094553172
921,516,1,-1,132,6849.32384513582
490,922,1,-1,132,1989.38144088866
490,506,1,-1,132,10696.4490454997
923,1335,1,-1,132,1046.67660357427
924,925,1,-1,132,9676.80630493645
927,929,1,-1,420,63417.1571008936
928,1110,1,-1,132,24556.8240271278
268,929,1,-1,420,25643.5354265445
129,307,1,-1,132,504.749311480916
129,239,1,-1,132,536.121459619251
930,935,1,-1,132,13781.1585000192
240,931,1,-1,132,2239.71094773497
930,932,1,-1,132,1311.80387281794
129,932,1,-1,132,26904.6175897769
930,932,1,-1,132,1311.4499119904
934,1223,1,-1,132,6599.35730328503
937,940,1,-1,132,4645.31715583155
936,939,1,-1,132,2588.37193143744
938,1226,1,-1,132,8938.41254794827
938,939,1,-1,132,1499.23024228798
940,941,1,-1,132,2869.73560169884
941,943,1,-1,132,534.593518266391
942,1227,1,-1,132,1680.9657340317
944,1233,1,-1,132,7445.27971181259
945,946,1,-1,132,4806.37846550424
946,948,1,-1,132,3307.78416275909
947,1336,1,-1,132,2604.95572222652
947,948,1,-1,132,2995.52603512974
949,1218,1,-1,132,14503.6819372487
415,951,1,-1,132,22830.8798512978
875,950,1,-1,132,2882.42179168073
951,952,1,-1,132,3437.15046498998
950,952,1,-1,132,4437.16790024445
372,954,1,-1,132,17746.580403436
954,955,1,-1,132,1427.4917842466
954,955,1,-1,132,1404.95446054786
954,955,1,-1,132,1394.67712805948
954,955,1,-1,132,1384.98617806046
954,955,1,-1,132,1394.51109742845
954,955,1,-1,132,1383.95123083271
438,955,1,-1,132,18219.716570902
439,436,1,-1,132,1075.99693986758
379,438,1,-1,132,1533.44584645004
379,438,1,-1,132,1402.38319875129
379,438,1,-1,132,1513.34372745494
956,961,1,-1,132,1776.36826206583
956,961,1,-1,132,1776.36826206583
957,959,1,-1,132,4250.82689460656
956,958,1,-1,132,414.260534127944
956,959,1,-1,132,834.107321593036
377,958,1,-1,132,2435.56161526174
961,960,1,-1,132,1331.46513816308
961,960,1,-1,132,1331.46513816308
962,960,1,-1,132,1569.12825220502
962,960,1,-1,132,1569.12825220502
960,963,1,-1,132,2964.46052415322
960,963,1,-1,132,2964.46052415322
964,965,1,-1,132,759.936969566381
965,963,1,-1,132,3827.82710213825
957,964,1,-1,132,2876.53128751198
329,966,1,-1,132,5485.81325909938
329,966,1,-1,132,5485.81325909938
962,967,1,-1,132,2286.46992672133
962,967,1,-1,132,2286.46992672133
383,1081,1,-1,132,3036.34583768363
383,1081,1,-1,132,3036.34583768363
969,970,1,-1,132,463.841757872943
969,970,1,-1,132,463.841757872943
383,970,1,-1,132,1828.40559007078
329,970,1,-1,132,2583.83933261408
450,964,1,-1,132,892.87608053845
972,1338,1,-1,132,486.188251827097
973,974,1,-1,132,704.811065326624
452,973,1,-1,132,962.372231924836
405,977,1,-1,132,4462.93456933615
380,382,1,-1,132,2836.18046616959
978,1167,1,-1,132,6061.53835655834
979,1163,1,-1,132,7349.05912608928
980,981,1,-1,132,1039.35607380784
980,983,1,-1,132,1843.93255291789
983,982,1,-1,132,10908.3126616688
395,980,1,-1,132,765.22814127497
984,396,1,-1,132,12982.650993884
394,396,1,-1,132,25969.3380821281
396,1277,1,-1,132,6435.63510996855
394,468,1,-1,132,1154.88425356462
988,986,1,-1,420,6253.63313494062
394,985,1,-1,420,3095.55231976497
988,987,1,-1,420,21166.2964483033
985,986,1,-1,420,8517.32545648167
989,990,1,-1,132,1249.05072283193
990,992,1,-1,132,1861.14642790619
990,992,1,-1,132,1632.43728817512
990,992,1,-1,132,1848.53424477196
992,991,1,-1,132,14408.8385551626
991,993,1,-1,132,4895.09320187014
993,994,1,-1,132,2305.8613036781
993,994,1,-1,132,2290.12498177274
378,994,1,-1,132,6427.19784277962
340,1191,1,-1,300,2844.09298043169
340,1191,1,-1,300,2800.58068496948
995,1255,1,-1,132,993.911620571338
120,1213,1,-1,300,54525.5326165245
120,1213,1,-1,420,54550.6872255915
997,996,1,-1,300,3894.48494942432
998,999,1,-1,300,1059.84576158729
999,257,1,-1,420,16526.2932486691
120,171,1,-1,420,78178.8537502258
171,999,1,-1,420,55475.3067749117
171,1000,1,-1,420,2009.06189640966
190,208,1,-1,420,19676.1271797823
208,1001,1,-1,420,1046.21424892575
227,627,1,-1,420,34187.1109596085
227,626,1,-1,420,23348.0143968771
227,376,1,-1,420,44880.331329455
171,185,1,-1,420,24360.130239031
190,705,1,-1,420,46864.06550069
1071,190,1,-1,300,2222.11420348962
1071,190,1,-1,420,2094.0992088658
705,1237,1,-1,300,1061.1183134578
705,1237,1,-1,300,1059.39359382441
203,1252,1,-1,515,123668.744373567
757,1023,1,-1,132,65052.5957925155
272,1004,1,-1,132,1304.96377211081
272,65,1,-1,132,3496.65354504949
272,65,1,-1,132,3496.65354504949
1005,1004,1,-1,132,803.560060292392
1006,1339,1,-1,132,2730.2700911736
2,1007,1,-1,132,3367.25604668744
1008,1339,1,-1,132,1665.77455266805
1008,1009,1,-1,132,1396.83040431466
1008,1010,1,-1,132,1710.66591504434
1006,1010,1,-1,132,1808.68453403412
1006,31,1,-1,132,3164.91980289236
2,31,1,-1,132,3766.04595411643
1011,1340,1,-1,132,2660.45383753995
1012,309,1,-1,300,679.075870082879
2,1012,1,-1,300,6670.18698917994
2,1012,1,-1,300,7833.5248943722
1007,1340,1,-1,132,1518.04526707766
2,1006,1,-1,132,3059.86135549933
1013,1341,1,-1,132,2219.37807487143
1013,309,1,-1,132,1454.34303138224
1014,1341,1,-1,132,1001.58358198417
309,1014,1,-1,132,3625.7666046226
1015,1340,1,-1,132,1180.40704426463
1014,1015,1,-1,132,1098.58501167334
1008,1016,1,-1,132,718.575813039041
1008,1015,1,-1,132,1083.27656610425
1016,1342,1,-1,132,1408.56490440787
1017,1343,1,-1,132,1926.62660275875
1018,1343,1,-1,132,1874.64862972882
1009,1017,1,-1,132,4480.21902190899
1017,1342,1,-1,132,3562.87392318832
1016,1018,1,-1,132,1413.95288315274
1020,1019,1,-1,132,1432.19029781275
583,1020,1,-1,132,1100.721778418
583,1021,1,-1,132,6109.88529726191
1022,263,1,-1,300,1567.41342705804
1023,1344,1,-1,132,64837.2939563562
1024,1344,1,-1,132,18702.9825347036
136,1357,1,-1,420,96540.9141150429
730,1025,1,-1,132,16571.1650938931
21,1283,1,-1,420,38855.5742427733
796,797,1,-1,132,1270.16842310223
1026,1322,1,-1,132,1355.31213931544
688,28,1,-1,132,1861.66779571038
15,117,1,-1,132,9277.9916516925
316,318,1,-1,132,1703.35688964542
902,1063,1,-1,420,37679.8004922757
1028,1029,1,-1,132,6030.6205736937
901,1029,1,-1,132,1637.11859460172
1031,1345,1,-1,132,738.860824559766
1032,1345,1,-1,132,3146.09223406602
1031,1346,1,-1,132,1160.32828300176
1030,1033,1,-1,132,780.013909988681
1033,1034,1,-1,132,443.058201061716
40,1030,1,-1,132,1289.23496362182
1032,1034,1,-1,132,1091.82344689068
1035,1036,1,-1,132,945.375490619135
1035,103,1,-1,132,746.483040046321
1032,1036,1,-1,132,4059.8166864458
1024,1037,1,-1,132,10593.7417056196
1038,1344,1,-1,132,2231.14347844147
786,1045,1,-1,132,24896.491279256
1047,1046,1,-1,132,783.565319514769
171,202,1,-1,300,31762.2927624997
1048,1347,1,-1,132,1501.29084639208
150,278,1,-1,132,3652.72219295177
224,585,1,-1,300,2611.07120132271
394,1050,1,-1,420,1371.90030861665
1053,1052,1,-1,420,902.449232781882
1052,1051,1,-1,300,1991.31002033421
1052,1051,1,-1,300,2018.60655588441
1050,1054,1,-1,420,6575.09377426303
1054,1051,1,-1,420,22890.4273643349
621,1055,1,-1,132,658.786099370662
25,650,1,-1,420,46092.2037353406
1056,1241,1,-1,132,819.408973087365
130,124,1,-1,132,2725.91751179171
482,489,1,-1,132,6639.66016626129
793,1058,1,-1,132,847.055007343229
791,1058,1,-1,132,864.401429628314
791,1058,1,-1,132,589.828177449861
1058,1059,1,-1,132,7731.44713107664
1059,1149,1,-1,132,27252.5992313613
790,1093,1,-1,132,14439.6472742457
113,1061,1,-1,132,13367.5344723061
1062,1063,1,-1,132,1450.37663947771
62,1281,1,-1,132,1023.81100157263
1065,1066,1,-1,132,613.911398191795
1064,1065,1,-1,132,603.896576747743
1053,1066,1,-1,132,2990.91603315455
1053,1066,1,-1,132,2990.91603315455
576,1053,1,-1,420,28526.6266854624
1067,1317,1,-1,132,11125.9347188164
656,1317,1,-1,132,2868.79605971458
190,1068,1,-1,132,15289.6174144935
452,1069,1,-1,300,1728.35684066838
452,1069,1,-1,132,1728.35684066838
451,1126,1,-1,300,1393.82930385672
451,1126,1,-1,132,1393.82930385672
180,1070,1,-1,132,4476.13802051421
927,1072,1,-1,132,8645.27297969555
927,928,1,-1,132,3784.14260486521
927,928,1,-1,132,3784.14260486521
909,928,1,-1,132,1471.806853009
309,1017,1,-1,300,3806.61972261347
1073,213,1,-1,300,821.912348326341
1075,1074,1,-1,132,4973.61530847513
59,1075,1,-1,132,1570.6640512188
226,588,1,-1,420,23187.0783078283
588,1076,1,-1,420,33645.5703684259
11,248,1,-1,420,2019.50036578361
323,1077,1,-1,132,834.095149700918
323,1077,1,-1,132,834.149576423289
223,584,1,-1,132,3013.80182888905
1080,1155,1,-1,132,1201.89376746095
1081,968,1,-1,132,1731.35479831525
1081,968,1,-1,132,1731.35479831525
1081,1348,1,-1,132,1196.54427838155
1081,1348,1,-1,132,1196.54427838155
296,1082,1,-1,420,19492.5062243168
369,1082,1,-1,420,3487.00901066013
369,1082,1,-1,420,3503.04850216353
457,1082,1,-1,420,21037.8293936035
280,281,1,-1,132,644.681773923034
87,279,1,-1,132,2486.72176955045
86,25,1,-1,132,2528.71988412532
417,1349,1,-1,132,1951.93251738639
417,1349,1,-1,132,1951.93251738639
546,547,1,-1,132,11327.083529012
203,629,1,-1,420,2088.44521036495
203,629,1,-1,420,2063.48642832569
203,629,1,-1,420,2064.83740343087
1085,1097,1,-1,132,5221.88491336912
97,1097,1,-1,132,6854.54972367684
97,1086,1,-1,132,1046.36524383914
97,95,1,-1,420,12644.949892606
55,813,1,-1,132,4235.9256381337
1087,1039,1,-1,132,4113.62243645426
1088,1239,1,-1,132,1525.56126692581
412,1090,1,-1,132,11741.5357035852
96,1091,1,-1,132,4628.3631145662
120,257,1,-1,420,19034.1333423823
188,171,1,-1,300,16027.3051887678
504,1350,1,-1,132,8327.41335763711
499,495,1,-1,132,901.721146941217
1092,1335,1,-1,132,4252.38987581858
537,1092,1,-1,132,455.181240700698
1093,1333,1,-1,132,980.433593132343
478,303,1,-1,420,3007.3985136989
478,303,1,-1,420,3024.25847615535
747,1095,1,-1,132,4674.75790595807
1095,362,1,-1,132,1442.06932687982
1096,362,1,-1,132,17991.9538055033
162,1096,1,-1,132,699.277578873407
162,1096,1,-1,132,699.277578873407
327,504,1,-1,132,15273.5622004721
319,1097,1,-1,132,10940.7941446741
353,911,1,-1,525,453.857521592068
32,1098,1,-1,300,3581.93416558077
698,1099,1,-1,420,1778.01768925184
817,1100,1,-1,132,2868.74352834461
45,1101,1,-1,132,2582.98430917283
1102,1103,1,-1,132,7479.24091850659
904,1103,1,-1,132,6446.23202650456
334,335,1,-1,132,4809.3907637462
335,1104,1,-1,132,22915.7875755184
1105,1106,1,-1,132,18704.4104493529
471,1106,1,-1,132,1426.60668886654
466,481,1,-1,300,635.636154928869
288,1107,1,-1,132,1920.1261569857
22,1108,1,-1,132,988.612165742366
88,1108,1,-1,132,585.688292758078
730,731,1,-1,132,3715.21990361545
1027,1109,1,-1,132,955.544984677652
1027,1109,1,-1,132,955.490708538876
316,1109,1,-1,132,3067.08816328683
1024,1200,1,-1,132,46114.3051432762
1110,1111,1,-1,132,2175.38682956348
1111,925,1,-1,132,10759.4106948269
1112,1113,1,-1,132,711.200901867809
1113,1114,1,-1,132,12077.3233189818
740,1114,1,-1,132,7187.31350229891
1087,1115,1,-1,132,1219.61216727684
425,1115,1,-1,132,88689.6546004708
1115,125,1,-1,132,9867.98000722569
1087,125,1,-1,132,7065.89600521623
843,1351,1,-1,132,3988.14781116353
902,1116,1,-1,132,31238.5342478451
190,1270,1,-1,132,1526.64098891112
112,1117,1,-1,420,1057.38366195086
306,1118,1,-1,420,857.319747679661
1119,1120,1,-1,132,7632.18886533053
390,953,1,-1,132,4525.92781272867
1122,1121,1,-1,132,5690.92393585315
1123,1124,1,-1,132,715.333239945838
1124,1125,1,-1,132,2416.95656393657
105,1125,1,-1,132,876.201279447445
1123,1121,1,-1,132,2079.63469727601
1069,1126,1,-1,300,1008.62010757229
1069,1126,1,-1,132,1008.62010757229
876,877,1,-1,132,1195.32198630912
876,877,1,-1,132,1200.94241418696
190,1127,1,-1,132,8763.49646698624
195,1128,1,-1,132,28645.1578742781
320,712,1,-1,132,2486.37261971742
1130,1129,1,-1,132,1714.63552881047
459,974,1,-1,132,1313.7926598504
459,974,1,-1,132,1103.97843541419
973,974,1,-1,132,542.743931336372
959,1337,1,-1,132,2092.60771512454
842,1131,1,-1,132,5376.55496132093
843,1131,1,-1,132,8464.81429480204
845,1132,1,-1,132,3211.34180015994
1133,1270,1,-1,132,2626.63517246746
11,608,1,-1,132,6097.74458279798
705,397,1,-1,300,1166.55217520569
46,398,1,-1,132,1871.20855589237
52,310,1,-1,132,4340.14486301579
614,615,1,-1,420,9887.30603273939
657,1138,1,-1,132,552.552265746433
1139,1140,1,-1,132,531.282674380465
1139,1140,1,-1,300,510.983162734978
1140,290,1,-1,300,621.068418146015
1140,290,1,-1,132,678.022609982168
1140,1141,1,-1,300,854.960878489019
1140,290,1,-1,300,555.008930946999
1142,1263,1,-1,132,12287.9236940713
1143,1147,1,-1,132,1331.90276973421
1143,1144,1,-1,132,5433.62778327793
1144,1145,1,-1,132,433.086085436296
1145,1146,1,-1,132,2116.59824386438
1142,1147,1,-1,132,722.471665429463
1146,1148,1,-1,132,2919.26260724821
1149,1150,1,-1,132,492.817377365425
1149,1150,1,-1,132,473.001655228861
1150,1261,1,-1,132,2312.10885472007
171,1151,1,-1,300,1365.99946674465
568,1152,1,-1,300,894.544681660897
359,435,1,-1,300,686.324235774672
576,1352,1,-1,420,695.057797910047
1052,1051,1,-1,420,1754.00378855131
1153,1154,1,-1,132,462.460305118803
470,1154,1,-1,132,474.076419681145
1153,1155,1,-1,132,3345.34881696295
1156,1157,1,-1,300,663.862174266158
1157,1158,1,-1,300,918.531007730078
1158,1159,1,-1,300,670.705572565929
1159,1161,1,-1,300,766.405631338691
340,1160,1,-1,300,2763.19794195196
1160,1161,1,-1,300,548.251073949146
449,1162,1,-1,420,1448.37974556621
447,448,1,-1,300,1405.76799755429
978,981,1,-1,132,639.717150057975
1163,1164,1,-1,132,436.802757184078
1164,1165,1,-1,132,548.51842224365
1165,1353,1,-1,132,1468.03213097432
1164,1165,1,-1,132,496.183515762815
1164,1166,1,-1,132,568.14936814026
1165,1353,1,-1,132,1425.01272212425
1166,1167,1,-1,132,600.001262310924
452,1168,1,-1,300,2734.22568280344
1168,1169,1,-1,300,991.913984138502
451,1170,1,-1,300,6687.24821016742
1170,1171,1,-1,300,1055.11535881682
1172,1173,1,-1,132,744.859882101228
979,1173,1,-1,132,4899.76799851669
984,1174,1,-1,132,445.87732949968
1174,1175,1,-1,132,5302.63450169949
1176,1177,1,-1,300,1475.64273368283
1177,1178,1,-1,300,1140.33898909902
436,1178,1,-1,300,6614.15410913114
379,1179,1,-1,132,760.07905010246
656,1180,1,-1,132,4729.46900405101
1180,1181,1,-1,132,1399.47730950485
1182,1184,1,-1,132,1229.97817525313
656,1182,1,-1,132,2120.91623249055
437,1183,1,-1,132,1124.4066677185
1183,1184,1,-1,132,4320.15379372222
1185,1186,1,-1,132,504.216977286803
1186,1187,1,-1,132,2080.93849643063
989,1187,1,-1,132,1094.74826861336
989,1175,1,-1,132,588.785094076966
993,994,1,-1,145,2136.82756799772
379,438,1,-1,300,1474.39701486649
379,436,1,-1,300,4758.05433704994
379,438,1,-1,132,1382.22523848639
384,1188,1,-1,300,1791.92547969305
371,1189,1,-1,300,1385.20213874426
1189,1190,1,-1,300,1589.59519527633
389,1190,1,-1,300,10696.2625040515
689,1192,1,-1,300,877.727744119833
689,1192,1,-1,300,922.696981819937
689,1192,1,-1,300,1047.42379887184
174,191,1,-1,420,16909.1414579096
170,174,1,-1,420,2165.02467020822
170,1098,1,-1,420,22124.157988433
170,174,1,-1,132,2087.01374091247
170,174,1,-1,132,2100.24149069703
170,174,1,-1,132,2102.42087901321
170,174,1,-1,132,2151.6841235054
170,174,1,-1,132,2146.46898740248
170,174,1,-1,132,2153.36365148708
479,488,1,-1,132,3334.37636313322
480,1195,1,-1,132,3462.12109812583
109,1196,1,-1,420,4553.92074946717
1139,1197,1,-1,132,14007.9834222505
1197,1203,1,-1,132,6682.27595425995
1198,1199,1,-1,420,2924.20418178269
564,1199,1,-1,420,4081.13239230958
331,1200,1,-1,132,30354.0664069078
1201,1253,1,-1,132,6165.58944062497
1122,1202,1,-1,132,7637.51730918448
772,771,1,-1,132,2365.14975215534
374,354,1,-1,132,21814.9027459081
149,1204,1,-1,300,3793.68256500781
795,1206,1,-1,132,1116.94751803957
1206,1205,1,-1,132,8417.3517783512
1207,1208,1,-1,420,1840.78290750732
342,1208,1,-1,420,2970.31282994376
1209,664,1,-1,132,524.456672375255
1209,1210,1,-1,132,812.344530352026
1211,1212,1,-1,132,971.287532449862
1212,664,1,-1,132,1055.29086110199
268,284,1,-1,300,1663.83159562723
268,284,1,-1,420,1817.16948350724
268,284,1,-1,420,1813.41812195556
548,549,1,-1,132,3936.2517279085
549,554,1,-1,132,529.586018222691
121,1213,1,-1,300,439.78122422404
119,121,1,-1,420,10861.5747389991
121,1213,1,-1,300,427.709936561052
119,1214,1,-1,300,885.501035209313
1214,1215,1,-1,300,5727.51669026423
119,1214,1,-1,300,888.290891116887
1214,1215,1,-1,300,5711.916822705
1215,1216,1,-1,300,682.321247101981
1215,1216,1,-1,300,684.377990022582
1192,1216,1,-1,300,2720.53441941009
1192,1216,1,-1,300,2641.39016659315
455,1217,1,-1,132,649.586757757157
456,1217,1,-1,132,4156.27540370168
1218,1136,1,-1,132,480.347964854201
945,1136,1,-1,132,1564.76994400262
944,1219,1,-1,132,4252.67745340779
948,1220,1,-1,132,558.086864474816
553,1221,1,-1,132,3661.58714896711
1221,1222,1,-1,132,638.36153019654
1223,1224,1,-1,132,647.417945844839
1224,933,1,-1,132,5681.18654400194
934,1225,1,-1,132,587.59222124424
1225,935,1,-1,132,7872.45093226381
942,1226,1,-1,132,630.242054731082
1227,1228,1,-1,132,1748.74732059002
1228,1229,1,-1,132,1194.0250752568
937,1229,1,-1,132,1686.33109064203
930,932,1,-1,132,1220.85130140063
935,1231,1,-1,132,725.153700746867
1219,1230,1,-1,132,403.939993881944
1230,1231,1,-1,132,1606.00389802053
949,1232,1,-1,132,603.269164715429
1232,943,1,-1,132,2797.49218353645
1233,1235,1,-1,132,760.885583552434
943,1234,1,-1,132,1130.71109543163
1234,1235,1,-1,132,772.113948435456
855,859,1,-1,132,7143.37830213573
156,852,1,-1,132,2772.31858855744
854,157,1,-1,132,765.989993768514
706,1236,1,-1,420,1074.3429480586
705,1236,1,-1,420,1270.40729168854
704,1237,1,-1,300,1013.17573973394
704,1237,1,-1,300,1014.53910998364
182,181,1,-1,420,910.454316218635
705,181,1,-1,420,11354.029203045
1238,397,1,-1,450,1428.47182868426
89,1239,1,-1,132,2478.72334742369
660,661,1,-1,132,615.607671158422
660,661,1,-1,132,617.460138606902
661,1243,1,-1,132,649.639737562097
661,1243,1,-1,132,651.076741705365
657,1138,1,-1,132,553.234044254893
1244,1245,1,-1,132,584.986217866532
1244,1246,1,-1,132,1107.17512512072
1245,1246,1,-1,132,519.374884502332
1246,1354,1,-1,132,15849.2805666388
1246,1354,1,-1,132,15849.2805666388
659,1354,1,-1,132,409.964446820758
651,659,1,-1,132,699.9804914302
659,1354,1,-1,132,408.762519255997
651,659,1,-1,132,698.571528518542
682,683,1,-1,132,2402.80768892192
1247,1325,1,-1,132,6812.24335228504
813,1248,1,-1,132,1446.18311171441
497,1249,1,-1,420,1115.67082544758
499,497,1,-1,420,8295.92640824442
1250,1307,1,-1,132,4905.81219230955
1251,1042,1,-1,132,4167.47290818055
1042,1041,1,-1,132,1332.79192480953
780,1251,1,-1,132,1771.69572898418
1041,1040,1,-1,132,451.822894237556
403,401,1,-1,132,11933.7819573835
403,1088,1,-1,132,2343.35746558504
1202,1253,1,-1,132,4918.61698838662
170,174,1,-1,420,2167.18087615945
170,174,1,-1,420,2160.11036321822
32,1098,1,-1,300,3555.08331164302
184,1254,1,-1,300,445.941611996664
175,191,1,-1,420,2484.61300660532
175,191,1,-1,420,2483.25344807762
175,191,1,-1,420,2482.46338748292
34,995,1,-1,132,897.421490283724
80,81,1,-1,132,660.42845740417
80,81,1,-1,132,659.602761167444
1256,1257,1,-1,300,536.680782761548
1139,1257,1,-1,420,17138.4820078064
524,525,1,-1,420,2884.64696461923
1258,98,1,-1,250,61570.4967299899
1258,98,1,-1,250,61331.6078037119
1258,98,1,-1,350,62300.5461696533
330,976,1,-1,132,551.606577405852
330,976,1,-1,300,558.360290841072
330,1259,1,-1,300,543.132813718452
1017,1018,1,-1,132,5208.05479899972
1011,1014,1,-1,132,2531.95305244043
1011,309,1,-1,132,557.608026453784
1011,309,1,-1,132,557.608026453784
1148,1260,1,-1,132,2052.28847769775
1260,1261,1,-1,132,400.417236750164
1263,1262,1,-1,132,1587.3516817916
791,1060,1,-1,132,1584.11197379742
319,1275,1,-1,132,8940.06569062683
357,1264,1,-1,132,3022.65748495065
782,1264,1,-1,132,2593.66643033735
784,1265,1,-1,132,6533.09743941634
357,1265,1,-1,132,41867.2940657294
624,1043,1,-1,132,440.50507776268
1266,770,1,-1,132,3319.00590615623
1266,1267,1,-1,132,2745.62500233475
404,977,1,-1,132,2214.85989792074
820,821,1,-1,132,1723.90815769967
1268,589,1,-1,132,960.584560576848
1268,1269,1,-1,132,4834.60386692314
1268,1269,1,-1,132,4834.60386692314
584,1269,1,-1,132,36009.4906580771
584,1269,1,-1,132,36009.4906580771
244,1271,1,-1,132,3531.97239734588
243,245,1,-1,132,1857.31141680012
560,1272,1,-1,132,8044.53560502353
51,655,1,-1,132,467.737017658893
641,1273,1,-1,420,5934.9810706476
617,1273,1,-1,132,1467.35561158234
648,1274,1,-1,132,18401.0856193437
1273,1274,1,-1,132,430.930822028142
414,413,1,-1,132,631.161065388356
398,399,1,-1,132,1321.01461430718
1250,1276,1,-1,132,2479.73091899617
326,515,1,-1,132,2672.75111644372
261,349,1,-1,132,9635.5626778494
99,670,1,-1,132,2600.75760937163
1172,1277,1,-1,132,505.89452682597
548,549,1,-1,132,3951.73180423363
549,554,1,-1,132,556.380610880403
169,1278,1,-1,132,436.442535498219
168,169,1,-1,132,483.038174148185
169,1278,1,-1,132,437.1164168171
168,169,1,-1,132,483.692604248599
327,500,1,-1,132,8663.20584781698
1115,1357,1,-1,420,79390.9444175393
331,305,1,-1,420,74300.2860099631
707,305,1,-1,420,79472.3556391149
425,707,1,-1,420,50613.0127791245
419,425,1,-1,420,39686.1886184519
425,1115,1,-1,420,77450.9407827849
425,1115,1,-1,420,77450.9407827849
1115,1357,1,-1,420,79390.9444175393
136,1357,1,-1,420,96540.9141150429
105,106,1,-1,420,31528.7377543195
106,868,1,-1,420,35046.8491303951
106,1331,1,-1,420,88308.4847760447
699,160,1,-1,420,121650.940542783
699,868,1,-1,420,130918.57166157
417,553,1,-1,420,30662.9491500509
532,546,1,-1,420,46273.5665617629
927,1063,1,-1,420,62599.729207949
138,929,1,-1,420,44519.3635781471
138,253,1,-1,420,91887.0102741404
546,553,1,-1,420,32123.2443737006
330,389,1,-1,420,56862.4397891835
204,1214,1,-1,420,63972.612846438
175,171,1,-1,420,21349.8274475477
175,191,1,-1,420,2611.84857323879
174,191,1,-1,420,15912.5151649395
170,174,1,-1,420,2226.41658408708
170,1098,1,-1,420,20974.6959183293
343,669,1,-1,420,40117.4541964398
234,669,1,-1,420,8343.17720291801
234,665,1,-1,420,8255.31943122339
662,665,1,-1,420,5212.56376433396
342,662,1,-1,420,10057.7488836787
205,635,1,-1,420,46099.4534371272
295,309,1,-1,420,38468.4779163291
